dbv,x,y,lv
0,0.2315,0.2993,0.0009
1,0.3042,0.3204,2.0088
2,0.3045,0.3213,2.0269
3,0.3044,0.3213,2.0258
4,0.3046,0.3218,2.0310
5,0.3042,0.3220,2.0392
6,0.3042,0.3222,2.0437
7,0.3042,0.3222,2.0549
8,0.3041,0.3220,2.0539
9,0.3040,0.3222,2.0668
10,0.3038,0.3225,2.0732
11,0.3037,0.3221,2.0735
12,0.3037,0.3219,2.0782
13,0.3036,0.3217,2.0813
14,0.3034,0.3206,2.1395
15,0.3037,0.3205,2.1398
16,0.3034,0.3204,2.1468
17,0.3035,0.3204,2.1504
18,0.3036,0.3207,2.1543
19,0.3036,0.3207,2.1590
20,0.3038,0.3207,2.1704
21,0.3038,0.3207,2.1723
22,0.3040,0.3208,2.1832
23,0.3038,0.3208,2.1836
24,0.3041,0.3210,2.1881
25,0.3041,0.3210,2.1944
26,0.3037,0.3189,2.2449
27,0.3035,0.3189,2.2531
28,0.3037,0.3192,2.2684
29,0.3039,0.3190,2.2766
30,0.3040,0.3188,2.2764
31,0.3041,0.3188,2.2805
32,0.3043,0.3186,2.2902
33,0.3041,0.3183,2.2978
34,0.3043,0.3189,2.2994
35,0.3044,0.3188,2.3124
36,0.3045,0.3187,2.3257
37,0.3044,0.3187,2.3221
38,0.3043,0.3177,2.3946
39,0.3040,0.3177,2.3957
40,0.3039,0.3174,2.3965
41,0.3040,0.3173,2.4070
42,0.3039,0.3173,2.4126
43,0.3038,0.3170,2.4155
44,0.3040,0.3175,2.4298
45,0.3039,0.3173,2.4333
46,0.3037,0.3172,2.4464
47,0.3036,0.3170,2.4378
48,0.3035,0.3172,2.4459
49,0.3036,0.3170,2.4551
50,0.3033,0.3161,2.5035
51,0.3034,0.3163,2.5045
52,0.3034,0.3164,2.5083
53,0.3036,0.3163,2.5246
54,0.3039,0.3166,2.5285
55,0.3039,0.3165,2.5335
56,0.3037,0.3153,2.5894
57,0.3041,0.3155,2.6012
58,0.3040,0.3157,2.6061
59,0.3039,0.3156,2.6207
60,0.3038,0.3157,2.6318
61,0.3035,0.3155,2.6297
62,0.3034,0.3155,2.6354
63,0.3034,0.3158,2.6554
64,0.3036,0.3163,2.6675
65,0.3037,0.3165,2.6749
66,0.3038,0.3163,2.6841
67,0.3037,0.3166,2.6951
68,0.3035,0.3153,2.7632
69,0.3036,0.3149,2.7675
70,0.3036,0.3147,2.7713
71,0.3036,0.3145,2.7862
72,0.3037,0.3147,2.7901
73,0.3033,0.3147,2.8015
74,0.3034,0.3143,2.8070
75,0.3036,0.3148,2.8064
76,0.3035,0.3145,2.8105
77,0.3035,0.3147,2.8253
78,0.3035,0.3145,2.8401
79,0.3033,0.3144,2.8351
80,0.3030,0.3131,2.9116
81,0.3030,0.3130,2.9149
82,0.3029,0.3129,2.9240
83,0.3028,0.3128,2.9304
84,0.3025,0.3127,2.9344
85,0.3027,0.3130,2.9382
86,0.3029,0.3128,2.9503
87,0.3029,0.3134,2.9617
88,0.3029,0.3133,2.9665
89,0.3031,0.3139,2.9790
90,0.3032,0.3138,2.9795
91,0.3033,0.3138,2.9977
92,0.3031,0.3128,3.0734
93,0.3032,0.3133,3.0928
94,0.3031,0.3133,3.0899
95,0.3031,0.3136,3.0959
96,0.3031,0.3138,3.1201
97,0.3029,0.3138,3.1225
98,0.3030,0.3138,3.1345
99,0.3032,0.3139,3.1487
100,0.3032,0.3136,3.1566
101,0.3033,0.3133,3.1679
102,0.3034,0.3133,3.1700
103,0.3034,0.3133,3.1955
104,0.3033,0.3130,3.1913
105,0.3037,0.3131,3.2002
106,0.3034,0.3131,3.2094
107,0.3036,0.3131,3.2200
108,0.3035,0.3132,3.2375
109,0.3036,0.3131,3.2435
110,0.3035,0.3121,3.3077
111,0.3036,0.3120,3.3135
112,0.3034,0.3118,3.3313
113,0.3032,0.3114,3.3393
114,0.3032,0.3115,3.3368
115,0.3033,0.3117,3.3416
116,0.3031,0.3119,3.3678
117,0.3029,0.3118,3.3765
118,0.3027,0.3119,3.3818
119,0.3027,0.3120,3.3880
120,0.3026,0.3120,3.4047
121,0.3026,0.3125,3.4290
122,0.3025,0.3119,3.5034
123,0.3026,0.3121,3.5141
124,0.3028,0.3125,3.5270
125,0.3030,0.3126,3.5350
126,0.3030,0.3131,3.5568
127,0.3032,0.3136,3.5730
128,0.3034,0.3131,3.5709
129,0.3031,0.3133,3.5851
130,0.3029,0.3131,3.5948
131,0.3029,0.3134,3.6117
132,0.3029,0.3130,3.6094
133,0.3029,0.3129,3.6152
134,0.3028,0.3119,3.7067
135,0.3031,0.3121,3.7284
136,0.3033,0.3124,3.7310
137,0.3033,0.3125,3.7421
138,0.3034,0.3124,3.7550
139,0.3034,0.3122,3.7703
140,0.3031,0.3120,3.7787
141,0.3030,0.3118,3.7917
142,0.3028,0.3114,3.7929
143,0.3030,0.3114,3.8092
144,0.3030,0.3113,3.8103
145,0.3032,0.3118,3.8241
146,0.3029,0.3113,3.8945
147,0.3030,0.3115,3.9096
148,0.3030,0.3112,3.9072
149,0.3029,0.3112,3.9236
150,0.3027,0.3112,3.9397
151,0.3026,0.3114,3.9507
152,0.3023,0.3116,3.9639
153,0.3021,0.3107,4.0478
154,0.3019,0.3108,4.0588
155,0.3020,0.3112,4.0680
156,0.3022,0.3113,4.0831
157,0.3023,0.3114,4.0990
158,0.3023,0.3114,4.1126
159,0.3024,0.3115,4.1212
160,0.3026,0.3118,4.1331
161,0.3027,0.3119,4.1433
162,0.3026,0.3120,4.1461
163,0.3024,0.3118,4.1577
164,0.3024,0.3118,4.1636
165,0.3026,0.3116,4.2669
166,0.3027,0.3116,4.2758
167,0.3026,0.3115,4.2940
168,0.3026,0.3114,4.3177
169,0.3027,0.3114,4.3108
170,0.3030,0.3112,4.3155
171,0.3030,0.3111,4.3222
172,0.3032,0.3110,4.3384
173,0.3032,0.3109,4.3511
174,0.3029,0.3107,4.3635
175,0.3031,0.3116,4.3972
176,0.3031,0.3112,4.3996
177,0.3030,0.3105,4.4993
178,0.3030,0.3110,4.5381
179,0.3028,0.3111,4.5488
180,0.3029,0.3117,4.5759
181,0.3030,0.3118,4.5996
182,0.3028,0.3116,4.6064
183,0.3027,0.3115,4.6170
184,0.3027,0.3117,4.6395
185,0.3029,0.3120,4.6600
186,0.3025,0.3120,4.6476
187,0.3024,0.3119,4.6731
188,0.3022,0.3120,4.6961
189,0.3023,0.3113,4.7927
190,0.3023,0.3113,4.7923
191,0.3022,0.3114,4.8269
192,0.3022,0.3117,4.8453
193,0.3024,0.3114,4.8489
194,0.3026,0.3115,4.8509
195,0.3027,0.3122,4.8775
196,0.3029,0.3122,4.9021
197,0.3026,0.3123,4.9082
198,0.3028,0.3125,4.9104
199,0.3029,0.3128,4.9393
200,0.3029,0.3124,4.9398
201,0.3028,0.3122,4.9657
202,0.3029,0.3121,4.9739
203,0.3029,0.3123,4.9761
204,0.3029,0.3125,5.0025
205,0.3032,0.3131,5.0256
206,0.3033,0.3129,5.0479
207,0.3032,0.3123,5.1450
208,0.3030,0.3125,5.1620
209,0.3031,0.3127,5.1798
210,0.3031,0.3125,5.2038
211,0.3030,0.3125,5.2245
212,0.3029,0.3125,5.2388
213,0.3028,0.3123,5.2520
214,0.3028,0.3127,5.2770
215,0.3031,0.3131,5.2761
216,0.3030,0.3128,5.2936
217,0.3030,0.3127,5.3102
218,0.3030,0.3127,5.3188
219,0.3026,0.3122,5.4284
220,0.3025,0.3120,5.4489
221,0.3023,0.3120,5.4661
222,0.3023,0.3118,5.4774
223,0.3024,0.3119,5.4935
224,0.3022,0.3121,5.5111
225,0.3023,0.3124,5.5144
226,0.3023,0.3124,5.5417
227,0.3024,0.3123,5.5427
228,0.3025,0.3124,5.5566
229,0.3025,0.3123,5.5658
230,0.3028,0.3125,5.6076
231,0.3025,0.3120,5.7118
232,0.3027,0.3122,5.7289
233,0.3027,0.3123,5.7361
234,0.3026,0.3127,5.7637
235,0.3029,0.3131,5.7833
236,0.3029,0.3133,5.8126
237,0.3029,0.3138,5.8331
238,0.3029,0.3139,5.8798
239,0.3030,0.3141,5.8939
240,0.3031,0.3141,5.9087
241,0.3033,0.3143,5.9417
242,0.3031,0.3144,5.9558
243,0.3033,0.3144,6.0751
244,0.3033,0.3145,6.0962
245,0.3036,0.3149,6.1147
246,0.3036,0.3148,6.1420
247,0.3037,0.3146,6.1635
248,0.3037,0.3143,6.1691
249,0.3035,0.3137,6.3090
250,0.3036,0.3139,6.3188
251,0.3037,0.3137,6.3410
252,0.3036,0.3135,6.3388
253,0.3033,0.3138,6.3619
254,0.3031,0.3136,6.3727
255,0.3034,0.3139,6.3936
256,0.3033,0.3139,6.4167
257,0.3033,0.3141,6.4434
258,0.3031,0.3138,6.4481
259,0.3030,0.3135,6.4592
260,0.3032,0.3137,6.4823
261,0.3031,0.3133,6.6212
262,0.3030,0.3133,6.6485
263,0.3030,0.3137,6.6797
264,0.3033,0.3139,6.7166
265,0.3032,0.3142,6.7006
266,0.3033,0.3145,6.7165
267,0.3033,0.3150,6.7592
268,0.3034,0.3151,6.7856
269,0.3036,0.3152,6.8087
270,0.3036,0.3155,6.8336
271,0.3035,0.3157,6.8634
272,0.3036,0.3153,6.8790
273,0.3035,0.3154,7.0142
274,0.3037,0.3153,7.0370
275,0.3037,0.3151,7.0588
276,0.3036,0.3156,7.0653
277,0.3037,0.3156,7.0905
278,0.3038,0.3158,7.1202
279,0.3040,0.3156,7.1399
280,0.3041,0.3155,7.1602
281,0.3039,0.3153,7.1665
282,0.3038,0.3151,7.1995
283,0.3037,0.3155,7.2347
284,0.3036,0.3151,7.2421
285,0.3036,0.3148,7.3859
286,0.3038,0.3152,7.4116
287,0.3034,0.3148,7.4089
288,0.3035,0.3147,7.4373
289,0.3036,0.3148,7.4810
290,0.3035,0.3146,7.4781
291,0.3033,0.3147,7.5048
292,0.3032,0.3149,7.5481
293,0.3031,0.3151,7.5580
294,0.3030,0.3155,7.5962
295,0.3029,0.3158,7.6334
296,0.3030,0.3163,7.6669
297,0.3030,0.3165,7.6913
298,0.3030,0.3167,7.7121
299,0.3029,0.3168,7.7415
300,0.3029,0.3169,7.7551
301,0.3031,0.3171,7.7730
302,0.3033,0.3175,7.8145
303,0.3034,0.3177,7.8286
304,0.3033,0.3173,8.0017
305,0.3033,0.3173,8.0045
306,0.3036,0.3175,8.0510
307,0.3036,0.3177,8.0608
308,0.3038,0.3177,8.0876
309,0.3039,0.3176,8.1182
310,0.3036,0.3174,8.1020
311,0.3038,0.3174,8.1124
312,0.3039,0.3178,8.1668
313,0.3040,0.3179,8.1998
314,0.3040,0.3177,8.2141
315,0.3040,0.3177,8.2291
316,0.3043,0.3176,8.3942
317,0.3043,0.3174,8.4228
318,0.3042,0.3173,8.4799
319,0.3041,0.3172,8.4920
320,0.3041,0.3170,8.5415
321,0.3038,0.3169,8.5372
322,0.3038,0.3175,8.5777
323,0.3036,0.3175,8.5995
324,0.3036,0.3176,8.6277
325,0.3036,0.3178,8.6569
326,0.3037,0.3180,8.7026
327,0.3035,0.3183,8.7219
328,0.3033,0.3180,8.8884
329,0.3032,0.3180,8.9188
330,0.3032,0.3181,8.9611
331,0.3032,0.3181,8.9654
332,0.3031,0.3183,8.9982
333,0.3030,0.3184,9.0389
334,0.3030,0.3184,9.0346
335,0.3032,0.3187,9.0687
336,0.3035,0.3189,9.0999
337,0.3036,0.3191,9.1249
338,0.3037,0.3192,9.1390
339,0.3039,0.3191,9.1634
340,0.3040,0.3190,9.3530
341,0.3039,0.3193,9.3649
342,0.3040,0.3193,9.4099
343,0.3040,0.3193,9.4317
344,0.3038,0.3193,9.4559
345,0.3039,0.3193,9.4599
346,0.3042,0.3195,9.4655
347,0.3043,0.3195,9.5001
348,0.3043,0.3196,9.5602
349,0.3045,0.3195,9.5492
350,0.3046,0.3197,9.5819
351,0.3045,0.3202,9.6468
352,0.3044,0.3203,9.6941
353,0.3045,0.3206,9.7523
354,0.3045,0.3209,9.7860
355,0.3042,0.3211,9.8324
356,0.3044,0.3214,9.8632
357,0.3044,0.3216,9.8822
358,0.3043,0.3216,9.9184
359,0.3043,0.3215,9.9567
360,0.3043,0.3213,9.9703
361,0.3041,0.3216,10.0245
362,0.3040,0.3216,10.0241
363,0.3039,0.3215,10.0703
364,0.3038,0.3214,10.0521
365,0.3037,0.3215,10.0924
366,0.3037,0.3214,10.0700
367,0.3037,0.3215,10.0909
368,0.3035,0.3209,10.2750
369,0.3037,0.3212,10.2907
370,0.3035,0.3208,10.2904
371,0.3037,0.3210,10.3105
372,0.3036,0.3209,10.3286
373,0.3037,0.3209,10.3060
374,0.3036,0.3207,10.3089
375,0.3039,0.3212,10.3489
376,0.3037,0.3210,10.3739
377,0.3038,0.3208,10.5680
378,0.3039,0.3209,10.5657
379,0.3041,0.3211,10.5930
380,0.3041,0.3211,10.5782
381,0.3042,0.3212,10.6326
382,0.3042,0.3212,10.6107
383,0.3042,0.3212,10.6320
384,0.3041,0.3211,10.6336
385,0.3041,0.3209,10.8670
386,0.3045,0.3209,10.8591
387,0.3042,0.3208,10.8680
388,0.3043,0.3206,10.8751
389,0.3042,0.3208,10.8905
390,0.3043,0.3204,10.8649
391,0.3044,0.3208,10.9127
392,0.3044,0.3203,10.9280
393,0.3043,0.3207,10.9579
394,0.3045,0.3204,11.1552
395,0.3044,0.3204,11.1477
396,0.3046,0.3202,11.1693
397,0.3043,0.3201,11.1817
398,0.3047,0.3200,11.1883
399,0.3044,0.3201,11.2085
400,0.3046,0.3202,11.2401
401,0.3044,0.3204,11.2907
402,0.3046,0.3201,11.2351
403,0.3043,0.3200,11.2825
404,0.3047,0.3201,11.3085
405,0.3044,0.3201,11.3558
406,0.3045,0.3205,11.3735
407,0.3043,0.3198,11.5363
408,0.3042,0.3197,11.5649
409,0.3042,0.3198,11.5713
410,0.3042,0.3200,11.6422
411,0.3042,0.3199,11.6534
412,0.3043,0.3201,11.6687
413,0.3043,0.3201,11.6501
414,0.3044,0.3201,11.7094
415,0.3044,0.3201,11.6979
416,0.3042,0.3198,11.9124
417,0.3040,0.3194,11.9323
418,0.3040,0.3196,11.9396
419,0.3039,0.3194,11.9465
420,0.3041,0.3198,11.9789
421,0.3039,0.3194,11.9717
422,0.3041,0.3199,12.0229
423,0.3038,0.3194,12.0071
424,0.3040,0.3197,12.0488
425,0.3037,0.3190,12.1888
426,0.3037,0.3195,12.2118
427,0.3036,0.3191,12.2034
428,0.3037,0.3194,12.2813
429,0.3037,0.3194,12.2767
430,0.3037,0.3194,12.3243
431,0.3038,0.3194,12.3151
432,0.3037,0.3193,12.3371
433,0.3039,0.3194,12.3442
434,0.3037,0.3193,12.5459
435,0.3040,0.3193,12.5646
436,0.3039,0.3193,12.5655
437,0.3040,0.3192,12.5921
438,0.3039,0.3191,12.7725
439,0.3040,0.3188,12.7835
440,0.3039,0.3192,12.7981
441,0.3041,0.3189,12.8005
442,0.3040,0.3194,12.8491
443,0.3042,0.3192,12.8536
444,0.3042,0.3196,12.9061
445,0.3043,0.3192,12.8963
446,0.3043,0.3195,12.9128
447,0.3041,0.3189,13.0797
448,0.3040,0.3189,13.1268
449,0.3042,0.3189,13.1188
450,0.3039,0.3189,13.1449
451,0.3041,0.3188,13.1678
452,0.3039,0.3190,13.2137
453,0.3042,0.3188,13.1767
454,0.3039,0.3188,13.2226
455,0.3043,0.3188,13.2215
456,0.3041,0.3189,13.4752
457,0.3043,0.3185,13.4746
458,0.3043,0.3190,13.5002
459,0.3045,0.3187,13.5271
460,0.3044,0.3191,13.5453
461,0.3044,0.3186,13.5681
462,0.3045,0.3192,13.6093
463,0.3043,0.3184,13.5883
464,0.3042,0.3189,13.6283
465,0.3043,0.3183,13.8336
466,0.3041,0.3188,13.8729
467,0.3040,0.3183,13.8854
468,0.3037,0.3187,13.9342
469,0.3039,0.3188,13.9458
470,0.3035,0.3190,14.0054
471,0.3039,0.3191,14.0470
472,0.3036,0.3193,14.0919
473,0.3038,0.3192,14.1118
474,0.3037,0.3193,14.0875
475,0.3040,0.3193,14.0969
476,0.3038,0.3195,14.1506
477,0.3036,0.3192,14.1725
478,0.3035,0.3194,14.4053
479,0.3036,0.3191,14.4274
480,0.3035,0.3195,14.4636
481,0.3036,0.3191,14.4354
482,0.3037,0.3194,14.5036
483,0.3036,0.3192,14.5000
484,0.3037,0.3193,14.5114
485,0.3035,0.3190,14.5010
486,0.3036,0.3193,14.5490
487,0.3034,0.3188,14.7481
488,0.3035,0.3191,14.8011
489,0.3035,0.3190,14.8244
490,0.3035,0.3192,14.8346
491,0.3034,0.3190,14.8218
492,0.3034,0.3191,14.8657
493,0.3035,0.3191,14.8709
494,0.3035,0.3192,14.8914
495,0.3034,0.3191,15.1492
496,0.3036,0.3192,15.1622
497,0.3035,0.3190,15.1873
498,0.3036,0.3191,15.1454
499,0.3034,0.3187,15.1434
500,0.3036,0.3191,15.1926
501,0.3034,0.3188,15.1995
502,0.3038,0.3193,15.2443
503,0.3036,0.3190,15.2444
504,0.3038,0.3192,15.4710
505,0.3037,0.3190,15.4931
506,0.3038,0.3194,15.5057
507,0.3036,0.3191,15.5119
508,0.3035,0.3191,15.5496
509,0.3034,0.3186,15.7319
510,0.3034,0.3189,15.7864
511,0.3035,0.3190,15.8174
512,0.3035,0.3189,15.7957
513,0.3035,0.3193,15.8698
514,0.3035,0.3187,15.8331
515,0.3034,0.3190,15.8383
516,0.3037,0.3188,15.9062
517,0.3034,0.3187,16.1415
518,0.3038,0.3186,16.1727
519,0.3035,0.3188,16.1922
520,0.3038,0.3186,16.1889
521,0.3034,0.3185,16.2427
522,0.3037,0.3186,16.2954
523,0.3033,0.3183,16.2847
524,0.3037,0.3184,16.3450
525,0.3033,0.3183,16.3771
526,0.3034,0.3181,16.5497
527,0.3031,0.3180,16.6356
528,0.3033,0.3181,16.6724
529,0.3035,0.3182,16.6611
530,0.3033,0.3178,16.6293
531,0.3036,0.3185,16.7074
532,0.3033,0.3181,16.7194
533,0.3035,0.3184,16.7613
534,0.3032,0.3183,16.7891
535,0.3034,0.3186,17.0379
536,0.3032,0.3182,17.0532
537,0.3033,0.3187,17.1242
538,0.3032,0.3185,17.0882
539,0.3031,0.3186,17.1547
540,0.3032,0.3187,17.1794
541,0.3031,0.3187,17.2457
542,0.3030,0.3187,17.2229
543,0.3031,0.3186,17.2188
544,0.3031,0.3187,17.2582
545,0.3032,0.3188,17.3099
546,0.3032,0.3188,17.3023
547,0.3032,0.3188,17.3307
548,0.3029,0.3183,17.5185
549,0.3031,0.3188,17.6119
550,0.3030,0.3183,17.5676
551,0.3030,0.3186,17.5965
552,0.3030,0.3184,17.6130
553,0.3031,0.3190,17.7021
554,0.3030,0.3186,17.6803
555,0.3031,0.3189,17.7083
556,0.3030,0.3188,17.7624
557,0.3030,0.3187,18.0036
558,0.3030,0.3187,17.9972
559,0.3030,0.3186,18.0268
560,0.3030,0.3185,18.0104
561,0.3031,0.3187,18.0701
562,0.3031,0.3186,18.0960
563,0.3031,0.3188,18.1538
564,0.3031,0.3188,18.1589
565,0.3030,0.3187,18.1515
566,0.3030,0.3187,18.3958
567,0.3031,0.3187,18.4292
568,0.3027,0.3183,18.4448
569,0.3030,0.3188,18.4736
570,0.3028,0.3185,18.4928
571,0.3029,0.3187,18.5296
572,0.3029,0.3186,18.5241
573,0.3031,0.3189,18.5872
574,0.3029,0.3184,18.7792
575,0.3030,0.3187,18.8357
576,0.3029,0.3183,18.8092
577,0.3029,0.3181,18.8685
578,0.3033,0.3182,18.9105
579,0.3030,0.3180,19.1479
580,0.3035,0.3181,19.2176
581,0.3031,0.3177,19.1713
582,0.3034,0.3178,19.1930
583,0.3032,0.3178,19.3000
584,0.3036,0.3178,19.2668
585,0.3034,0.3181,19.3360
586,0.3037,0.3180,19.3621
587,0.3032,0.3179,19.3890
588,0.3034,0.3176,19.6569
589,0.3033,0.3178,19.6751
590,0.3034,0.3175,19.7332
591,0.3034,0.3181,19.8079
592,0.3034,0.3179,19.8232
593,0.3033,0.3182,19.8201
594,0.3033,0.3179,19.8437
595,0.3032,0.3186,19.9389
596,0.3032,0.3181,20.1796
597,0.3029,0.3185,20.2209
598,0.3032,0.3186,20.3119
599,0.3030,0.3189,20.3512
600,0.3033,0.3189,20.3461
601,0.3031,0.3190,20.3787
602,0.3033,0.3190,20.4074
603,0.3030,0.3191,20.4832
604,0.3033,0.3189,20.4531
605,0.3031,0.3192,20.7703
606,0.3032,0.3190,20.7759
607,0.3032,0.3192,20.7680
608,0.3032,0.3190,20.8361
609,0.3032,0.3192,20.8695
610,0.3032,0.3190,20.8508
611,0.3032,0.3193,20.9130
612,0.3033,0.3190,20.9385
613,0.3033,0.3194,20.9879
614,0.3033,0.3193,21.0222
615,0.3032,0.3196,21.0506
616,0.3031,0.3192,21.0226
617,0.3030,0.3192,21.0613
618,0.3031,0.3192,21.3246
619,0.3029,0.3191,21.3232
620,0.3032,0.3193,21.3941
621,0.3029,0.3193,21.3979
622,0.3031,0.3196,21.4402
623,0.3029,0.3193,21.4564
624,0.3031,0.3193,21.4661
625,0.3031,0.3192,21.5495
626,0.3028,0.3193,21.5713
627,0.3031,0.3192,21.8375
628,0.3028,0.3194,21.8658
629,0.3032,0.3193,21.8468
630,0.3029,0.3194,21.9065
631,0.3031,0.3194,21.9229
632,0.3030,0.3194,21.9485
633,0.3032,0.3194,21.9878
634,0.3030,0.3194,22.0095
635,0.3033,0.3194,22.0374
636,0.3029,0.3194,22.3270
637,0.3029,0.3186,22.3171
638,0.3029,0.3190,22.3600
639,0.3029,0.3185,22.3672
640,0.3029,0.3187,22.3859
641,0.3030,0.3183,22.4370
642,0.3030,0.3186,22.5053
643,0.3031,0.3183,22.5478
644,0.3030,0.3184,22.5852
645,0.3032,0.3182,22.8800
646,0.3030,0.3184,22.9429
647,0.3032,0.3182,22.9175
648,0.3030,0.3182,22.9560
649,0.3032,0.3181,23.1972
650,0.3029,0.3180,23.2742
651,0.3031,0.3181,23.2724
652,0.3028,0.3183,23.3508
653,0.3031,0.3183,23.3435
654,0.3029,0.3182,23.3577
655,0.3031,0.3182,23.3769
656,0.3029,0.3183,23.4842
657,0.3031,0.3180,23.5070
658,0.3029,0.3184,23.7902
659,0.3030,0.3182,23.8162
660,0.3029,0.3187,23.8693
661,0.3031,0.3185,23.8626
662,0.3030,0.3188,23.9389
663,0.3032,0.3186,23.9579
664,0.3032,0.3192,24.0629
665,0.3032,0.3189,24.0628
666,0.3031,0.3192,24.1451
667,0.3032,0.3191,24.3919
668,0.3030,0.3192,24.4096
669,0.3033,0.3192,24.4812
670,0.3031,0.3192,24.4835
671,0.3034,0.3192,24.5284
672,0.3031,0.3192,24.5323
673,0.3033,0.3192,24.5779
674,0.3033,0.3194,24.6629
675,0.3033,0.3193,24.6139
676,0.3032,0.3193,24.9543
677,0.3031,0.3190,24.9581
678,0.3032,0.3192,24.9819
679,0.3029,0.3189,24.9971
680,0.3031,0.3193,25.0403
681,0.3029,0.3192,25.0758
682,0.3030,0.3194,25.1366
683,0.3027,0.3192,25.0963
684,0.3029,0.3195,25.1897
685,0.3026,0.3193,25.2294
686,0.3027,0.3191,25.2853
687,0.3027,0.3190,25.2721
688,0.3029,0.3191,25.3096
689,0.3029,0.3192,25.6313
690,0.3029,0.3192,25.6725
691,0.3028,0.3191,25.6439
692,0.3028,0.3191,25.6990
693,0.3029,0.3192,25.7088
694,0.3030,0.3190,25.7960
695,0.3030,0.3191,25.8534
696,0.3031,0.3192,25.8962
697,0.3029,0.3185,25.8378
698,0.3029,0.3189,26.2270
699,0.3027,0.3184,26.2208
700,0.3029,0.3187,26.2860
701,0.3027,0.3186,26.3311
702,0.3030,0.3188,26.3818
703,0.3027,0.3183,26.3847
704,0.3030,0.3185,26.4009
705,0.3028,0.3182,26.3864
706,0.3030,0.3182,26.7564
707,0.3030,0.3182,26.8019
708,0.3031,0.3182,26.8495
709,0.3032,0.3182,26.8451
710,0.3033,0.3182,26.9064
711,0.3033,0.3182,26.9179
712,0.3033,0.3182,26.9432
713,0.3033,0.3182,26.9767
714,0.3033,0.3184,27.0595
715,0.3033,0.3185,27.3631
716,0.3034,0.3184,27.4085
717,0.3032,0.3181,27.4077
718,0.3034,0.3185,27.4887
719,0.3032,0.3181,27.7889
720,0.3034,0.3188,27.9016
721,0.3033,0.3186,27.9235
722,0.3035,0.3193,28.0715
723,0.3037,0.3191,28.1036
724,0.3036,0.3198,28.2166
725,0.3037,0.3196,28.2503
726,0.3035,0.3198,28.3178
727,0.3037,0.3200,28.3799
728,0.3035,0.3199,28.6256
729,0.3037,0.3203,28.7543
730,0.3036,0.3201,28.7544
731,0.3038,0.3206,28.8352
732,0.3036,0.3203,28.8564
733,0.3037,0.3205,28.8627
734,0.3036,0.3203,28.9113
735,0.3036,0.3203,28.8568
736,0.3036,0.3203,28.9780
737,0.3035,0.3203,29.3570
738,0.3035,0.3202,29.2654
739,0.3034,0.3202,29.4016
740,0.3034,0.3203,29.3744
741,0.3032,0.3204,29.4397
742,0.3032,0.3204,29.4592
743,0.3031,0.3203,29.4514
744,0.3031,0.3203,29.5024
745,0.3031,0.3203,29.5645
746,0.3030,0.3199,29.8235
747,0.3031,0.3203,29.9314
748,0.3029,0.3200,29.9420
749,0.3030,0.3202,30.0027
750,0.3029,0.3200,29.9966
751,0.3032,0.3203,30.0470
752,0.3030,0.3200,30.0958
753,0.3032,0.3201,30.1054
754,0.3030,0.3197,30.1432
755,0.3033,0.3201,30.2474
756,0.3031,0.3198,30.2561
757,0.3030,0.3197,30.3715
758,0.3030,0.3198,30.3980
759,0.3029,0.3195,30.6617
760,0.3030,0.3195,30.7211
761,0.3030,0.3195,30.7552
762,0.3030,0.3195,30.7880
763,0.3031,0.3196,30.9242
764,0.3030,0.3195,30.8546
765,0.3029,0.3194,30.8942
766,0.3027,0.3191,30.9371
767,0.3030,0.3192,30.9481
768,0.3029,0.3190,31.2956
769,0.3033,0.3193,31.4162
770,0.3035,0.3191,31.5249
771,0.3035,0.3194,31.5305
772,0.3036,0.3191,31.5873
773,0.3035,0.3194,31.6077
774,0.3037,0.3191,31.6502
775,0.3037,0.3194,31.7286
776,0.3037,0.3192,31.7251
777,0.3035,0.3192,32.0899
778,0.3039,0.3193,32.1593
779,0.3036,0.3194,32.2488
780,0.3039,0.3194,32.2340
781,0.3036,0.3195,32.2763
782,0.3040,0.3195,32.2805
783,0.3038,0.3196,32.3874
784,0.3040,0.3197,32.4062
785,0.3039,0.3201,32.8223
786,0.3040,0.3198,32.8792
787,0.3039,0.3203,32.9218
788,0.3041,0.3201,32.9544
789,0.3040,0.3203,32.9718
790,0.3041,0.3200,33.3288
791,0.3040,0.3205,33.3464
792,0.3040,0.3202,33.3603
793,0.3040,0.3208,33.5082
794,0.3040,0.3205,33.5895
795,0.3040,0.3208,33.5829
796,0.3040,0.3206,33.6867
797,0.3038,0.3206,33.7047
798,0.3040,0.3206,33.7308
799,0.3036,0.3205,34.1147
800,0.3038,0.3205,34.0737
801,0.3036,0.3206,34.1229
802,0.3037,0.3205,34.1185
803,0.3035,0.3205,34.2317
804,0.3037,0.3206,34.2526
805,0.3036,0.3206,34.3546
806,0.3037,0.3204,34.4225
807,0.3036,0.3207,34.7479
808,0.3036,0.3204,34.7782
809,0.3035,0.3208,34.8770
810,0.3034,0.3204,34.8600
811,0.3034,0.3207,34.9222
812,0.3034,0.3203,34.8978
813,0.3034,0.3205,34.9564
814,0.3034,0.3202,34.9871
815,0.3034,0.3204,35.0047
816,0.3033,0.3201,35.4069
817,0.3032,0.3203,35.3922
818,0.3033,0.3201,35.4537
819,0.3034,0.3201,35.4764
820,0.3034,0.3202,35.5577
821,0.3034,0.3198,35.5272
822,0.3035,0.3200,35.5908
823,0.3034,0.3202,35.7050
824,0.3034,0.3202,35.7587
825,0.3034,0.3202,35.7904
826,0.3031,0.3200,35.8499
827,0.3034,0.3203,35.9153
828,0.3031,0.3199,35.9312
829,0.3035,0.3201,36.2403
830,0.3032,0.3198,36.2989
831,0.3035,0.3200,36.3904
832,0.3034,0.3198,36.3991
833,0.3036,0.3202,36.5195
834,0.3035,0.3198,36.4981
835,0.3038,0.3201,36.5969
836,0.3037,0.3197,36.6114
837,0.3038,0.3199,36.7315
838,0.3037,0.3202,37.1150
839,0.3039,0.3200,37.1159
840,0.3038,0.3205,37.2982
841,0.3040,0.3202,37.2942
842,0.3039,0.3205,37.3658
843,0.3040,0.3202,37.3968
844,0.3039,0.3207,37.5036
845,0.3040,0.3205,37.4821
846,0.3038,0.3209,37.5782
847,0.3042,0.3209,38.0198
848,0.3039,0.3212,38.0991
849,0.3042,0.3213,38.1863
850,0.3040,0.3216,38.3004
851,0.3042,0.3216,38.3153
852,0.3040,0.3219,38.4493
853,0.3042,0.3220,38.4596
854,0.3040,0.3219,38.5233
855,0.3042,0.3219,38.5356
856,0.3039,0.3219,38.9524
857,0.3039,0.3216,38.9522
858,0.3039,0.3221,39.0738
859,0.3039,0.3219,39.0888
860,0.3038,0.3221,39.5232
861,0.3038,0.3218,39.4695
862,0.3037,0.3221,39.5407
863,0.3038,0.3218,39.6042
864,0.3037,0.3221,39.6658
865,0.3038,0.3218,39.7277
866,0.3037,0.3218,39.8085
867,0.3037,0.3218,39.7612
868,0.3036,0.3220,39.9312
869,0.3035,0.3218,40.2124
870,0.3036,0.3217,40.3319
871,0.3036,0.3217,40.3698
872,0.3035,0.3215,40.4120
873,0.3035,0.3215,40.4354
874,0.3034,0.3214,40.4466
875,0.3034,0.3216,40.4958
876,0.3034,0.3216,40.6208
877,0.3032,0.3211,40.6266
878,0.3035,0.3212,41.0230
879,0.3033,0.3211,41.0236
880,0.3035,0.3214,41.0674
881,0.3033,0.3210,41.1130
882,0.3035,0.3214,41.1947
883,0.3033,0.3210,41.1094
884,0.3033,0.3213,41.2143
885,0.3032,0.3211,41.2029
886,0.3033,0.3212,41.7340
887,0.3033,0.3212,41.7897
888,0.3032,0.3212,41.8743
889,0.3032,0.3211,41.8420
890,0.3031,0.3211,41.8915
891,0.3032,0.3211,41.9002
892,0.3032,0.3212,41.9495
893,0.3032,0.3213,41.9981
894,0.3032,0.3212,42.3442
895,0.3032,0.3212,42.3420
896,0.3035,0.3213,42.3685
897,0.3035,0.3213,42.4647
898,0.3034,0.3210,42.7291
899,0.3033,0.3211,42.8539
900,0.3033,0.3212,42.8933
901,0.3034,0.3213,43.1483
902,0.3034,0.3212,43.1651
903,0.3034,0.3212,43.1339
904,0.3037,0.3211,43.2281
905,0.3037,0.3210,43.5810
906,0.3035,0.3211,43.6502
907,0.3035,0.3209,43.9318
908,0.3035,0.3209,43.9704
909,0.3034,0.3208,43.9203
910,0.3035,0.3209,44.3377
911,0.3038,0.3208,44.3302
912,0.3038,0.3207,44.3123
913,0.3038,0.3207,44.3511
914,0.3036,0.3204,44.6144
915,0.3036,0.3207,44.6707
916,0.3036,0.3207,44.7024
917,0.3036,0.3206,44.6758
918,0.3036,0.3205,45.0291
919,0.3038,0.3204,45.0657
920,0.3039,0.3205,45.1457
921,0.3039,0.3205,45.0722
922,0.3039,0.3205,45.0747
923,0.3037,0.3201,45.3514
924,0.3037,0.3205,45.5284
925,0.3037,0.3205,45.5445
926,0.3040,0.3205,45.5825
927,0.3039,0.3204,45.8881
928,0.3039,0.3204,45.8724
929,0.3039,0.3204,45.8421
930,0.3040,0.3204,46.2528
931,0.3040,0.3203,46.2897
932,0.3038,0.3202,46.1814
933,0.3037,0.3206,46.3363
934,0.3040,0.3206,46.6945
935,0.3039,0.3206,46.6119
936,0.3039,0.3205,47.0635
937,0.3040,0.3205,47.1081
938,0.3039,0.3206,47.0830
939,0.3039,0.3206,47.4205
940,0.3038,0.3203,47.4533
941,0.3039,0.3203,47.4326
942,0.3039,0.3205,47.4988
943,0.3040,0.3205,47.9343
944,0.3041,0.3206,47.8963
945,0.3040,0.3206,47.8982
946,0.3040,0.3206,47.9080
947,0.3039,0.3205,48.1364
948,0.3040,0.3204,48.1422
949,0.3041,0.3202,48.2145
950,0.3041,0.3201,48.1515
951,0.3041,0.3201,48.1871
952,0.3040,0.3204,48.6211
953,0.3041,0.3204,48.6178
954,0.3041,0.3204,48.6343
955,0.3040,0.3204,48.5827
956,0.3043,0.3204,48.9875
957,0.3044,0.3204,49.0592
958,0.3042,0.3201,48.9459
959,0.3041,0.3200,49.2435
960,0.3041,0.3201,49.2891
961,0.3041,0.3205,49.5309
962,0.3041,0.3205,49.5101
963,0.3041,0.3205,49.9388
964,0.3043,0.3206,49.9278
965,0.3043,0.3206,50.2469
966,0.3042,0.3203,50.2120
967,0.3042,0.3203,50.2449
968,0.3042,0.3203,50.2054
969,0.3042,0.3202,50.5712
970,0.3041,0.3206,50.6128
971,0.3044,0.3207,50.7293
972,0.3044,0.3206,51.1451
973,0.3043,0.3205,50.9525
974,0.3044,0.3206,51.1093
975,0.3043,0.3205,51.1693
976,0.3043,0.3204,51.5323
977,0.3042,0.3203,51.4070
978,0.3042,0.3203,51.3978
979,0.3045,0.3207,51.4840
980,0.3045,0.3208,51.5942
981,0.3045,0.3207,51.8781
982,0.3045,0.3206,51.7941
983,0.3044,0.3206,51.7678
984,0.3043,0.3202,51.7384
985,0.3043,0.3202,52.1012
986,0.3045,0.3203,52.1875
987,0.3045,0.3203,52.2506
988,0.3045,0.3207,52.7289
989,0.3045,0.3207,52.6485
990,0.3044,0.3207,52.6904
991,0.3044,0.3207,52.7050
992,0.3042,0.3203,53.0241
993,0.3042,0.3204,53.1004
994,0.3044,0.3205,53.5878
995,0.3044,0.3204,53.5084
996,0.3044,0.3203,53.4266
997,0.3043,0.3210,53.6768
998,0.3043,0.3209,53.9698
999,0.3043,0.3208,53.9334
1000,0.3043,0.3210,53.9510
1001,0.3041,0.3207,54.3102
1002,0.3043,0.3207,54.3887
1003,0.3043,0.3206,54.3365
1004,0.3043,0.3206,54.3505
1005,0.3043,0.3205,54.6397
1006,0.3042,0.3209,54.7330
1007,0.3042,0.3210,54.8005
1008,0.3042,0.3210,54.7853
1009,0.3045,0.3210,54.8270
1010,0.3042,0.3206,55.2076
1011,0.3043,0.3206,55.2008
1012,0.3043,0.3206,55.0384
1013,0.3042,0.3206,55.0857
1014,0.3042,0.3206,55.4294
1015,0.3041,0.3211,55.6421
1016,0.3041,0.3210,55.5653
1017,0.3044,0.3210,56.0393
1018,0.3041,0.3207,55.9157
1019,0.3041,0.3207,56.0146
1020,0.3041,0.3207,56.0111
1021,0.3041,0.3207,56.3655
1022,0.3041,0.3207,56.3619
1023,0.3041,0.3207,56.6337
1024,0.3041,0.3211,56.8134
1025,0.3041,0.3210,56.6959
1026,0.3042,0.3211,56.7885
1027,0.3040,0.3208,57.1869
1028,0.3040,0.3208,57.2378
1029,0.3039,0.3208,57.1863
1030,0.3040,0.3207,57.5332
1031,0.3039,0.3207,57.4709
1032,0.3042,0.3209,57.6203
1033,0.3040,0.3211,57.6733
1034,0.3040,0.3210,58.1307
1035,0.3041,0.3211,58.0782
1036,0.3039,0.3209,58.1275
1037,0.3039,0.3209,58.0888
1038,0.3039,0.3209,58.1252
1039,0.3041,0.3209,58.4831
1040,0.3041,0.3207,58.3605
1041,0.3041,0.3209,58.5024
1042,0.3041,0.3211,58.6175
1043,0.3041,0.3211,58.9529
1044,0.3040,0.3208,58.8595
1045,0.3039,0.3207,58.7807
1046,0.3039,0.3207,58.9803
1047,0.3042,0.3207,59.2519
1048,0.3042,0.3207,59.2370
1049,0.3041,0.3208,59.2989
1050,0.3042,0.3207,59.5832
1051,0.3041,0.3210,59.6240
1052,0.3040,0.3208,59.8485
1053,0.3039,0.3206,59.9890
1054,0.3040,0.3207,60.0739
1055,0.3040,0.3206,60.0684
1056,0.3040,0.3206,60.3838
1057,0.3040,0.3206,60.4160
1058,0.3040,0.3205,60.3384
1059,0.3040,0.3205,60.6925
1060,0.3039,0.3207,60.7693
1061,0.3040,0.3209,61.0015
1062,0.3038,0.3206,61.1015
1063,0.3038,0.3205,61.2031
1064,0.3039,0.3206,61.3338
1065,0.3039,0.3205,61.3179
1066,0.3038,0.3204,61.2655
1067,0.3038,0.3204,61.3275
1068,0.3039,0.3205,61.7785
1069,0.3041,0.3206,61.7589
1070,0.3037,0.3202,61.7491
1071,0.3037,0.3203,61.7933
1072,0.3037,0.3203,62.1744
1073,0.3037,0.3203,62.1947
1074,0.3037,0.3203,62.2068
1075,0.3038,0.3203,62.2536
1076,0.3038,0.3203,62.6321
1077,0.3040,0.3203,62.5512
1078,0.3040,0.3204,62.6747
1079,0.3037,0.3202,63.0714
1080,0.3036,0.3202,63.0745
1081,0.3036,0.3201,63.3158
1082,0.3037,0.3201,63.3992
1083,0.3037,0.3203,63.4882
1084,0.3039,0.3202,63.2857
1085,0.3038,0.3200,63.6328
1086,0.3038,0.3200,63.6853
1087,0.3038,0.3200,63.6265
1088,0.3034,0.3200,64.1373
1089,0.3035,0.3201,64.1848
1090,0.3035,0.3201,64.2471
1091,0.3034,0.3201,64.2217
1092,0.3037,0.3200,64.5299
1093,0.3036,0.3200,64.5340
1094,0.3037,0.3201,64.6123
1095,0.3037,0.3201,64.6460
1096,0.3035,0.3198,64.6353
1097,0.3034,0.3201,65.0595
1098,0.3034,0.3202,65.1920
1099,0.3037,0.3202,65.1498
1100,0.3037,0.3202,65.1234
1101,0.3037,0.3201,65.4648
1102,0.3037,0.3201,65.5755
1103,0.3037,0.3202,65.6640
1104,0.3037,0.3202,65.6982
1105,0.3035,0.3198,65.9636
1106,0.3034,0.3201,66.1509
1107,0.3037,0.3200,66.0883
1108,0.3036,0.3201,66.5055
1109,0.3037,0.3201,66.5412
1110,0.3037,0.3199,66.7410
1111,0.3038,0.3200,66.8952
1112,0.3036,0.3199,66.6922
1113,0.3036,0.3200,66.8172
1114,0.3037,0.3196,67.2019
1115,0.3036,0.3198,67.2610
1116,0.3036,0.3197,67.2552
1117,0.3036,0.3197,67.6579
1118,0.3037,0.3199,67.7469
1119,0.3036,0.3198,67.5744
1120,0.3036,0.3198,67.7788
1121,0.3036,0.3198,68.1888
1122,0.3037,0.3196,68.1589
1123,0.3037,0.3196,68.1158
1124,0.3036,0.3198,68.2859
1125,0.3036,0.3198,68.1825
1126,0.3035,0.3198,68.5499
1127,0.3035,0.3198,68.4848
1128,0.3036,0.3198,68.6347
1129,0.3037,0.3199,68.6592
1130,0.3039,0.3198,69.0711
1131,0.3036,0.3195,68.8894
1132,0.3037,0.3195,68.9031
1133,0.3036,0.3198,69.0486
1134,0.3036,0.3198,69.5145
1135,0.3036,0.3198,69.4200
1136,0.3036,0.3198,69.4164
1137,0.3040,0.3198,69.7254
1138,0.3040,0.3199,69.8802
1139,0.3039,0.3197,70.1037
1140,0.3037,0.3194,70.1239
1141,0.3038,0.3195,70.1147
1142,0.3037,0.3196,70.0630
1143,0.3037,0.3196,70.5404
1144,0.3037,0.3196,70.6557
1145,0.3041,0.3197,70.7049
1146,0.3041,0.3196,70.9481
1147,0.3041,0.3196,70.8799
1148,0.3038,0.3193,70.8340
1149,0.3039,0.3193,71.0155
1150,0.3038,0.3193,71.4579
1151,0.3038,0.3197,71.4631
1152,0.3042,0.3195,71.3777
1153,0.3041,0.3196,71.4348
1154,0.3042,0.3197,71.5131
1155,0.3044,0.3197,71.8446
1156,0.3043,0.3196,71.7849
1157,0.3040,0.3193,71.7163
1158,0.3039,0.3192,71.7223
1159,0.3040,0.3193,72.0878
1160,0.3044,0.3196,72.2020
1161,0.3043,0.3196,72.1598
1162,0.3044,0.3197,72.2946
1163,0.3044,0.3196,72.4925
1164,0.3043,0.3196,72.5231
1165,0.3044,0.3197,72.6133
1166,0.3042,0.3194,72.8644
1167,0.3045,0.3194,72.9915
1168,0.3045,0.3195,73.4147
1169,0.3044,0.3198,73.6802
1170,0.3043,0.3198,73.6126
1171,0.3043,0.3199,73.6836
1172,0.3044,0.3198,74.0109
1173,0.3045,0.3199,73.9783
1174,0.3044,0.3198,73.9381
1175,0.3045,0.3194,74.3012
1176,0.3045,0.3195,74.4173
1177,0.3045,0.3195,74.4103
1178,0.3045,0.3197,74.5037
1179,0.3045,0.3197,74.8459
1180,0.3045,0.3197,74.8894
1181,0.3045,0.3196,74.8789
1182,0.3048,0.3196,74.8597
1183,0.3047,0.3195,75.0266
1184,0.3045,0.3193,75.3080
1185,0.3045,0.3193,75.1996
1186,0.3046,0.3194,75.2930
1187,0.3046,0.3196,75.3969
1188,0.3046,0.3195,75.6158
1189,0.3045,0.3195,75.6619
1190,0.3047,0.3194,75.6668
1191,0.3048,0.3195,75.7731
1192,0.3046,0.3192,76.1085
1193,0.3046,0.3192,76.1150
1194,0.3047,0.3193,76.2380
1195,0.3047,0.3193,76.7054
1196,0.3047,0.3194,76.9171
1197,0.3048,0.3196,77.0655
1198,0.3048,0.3196,77.1399
1199,0.3048,0.3196,77.1205
1200,0.3048,0.3195,77.0486
1201,0.3047,0.3193,77.4193
1202,0.3047,0.3193,77.4882
1203,0.3047,0.3194,77.4576
1204,0.3047,0.3194,77.9737
1205,0.3050,0.3194,77.9273
1206,0.3050,0.3197,78.0399
1207,0.3049,0.3197,77.9395
1208,0.3049,0.3196,78.3406
1209,0.3048,0.3195,78.4362
1210,0.3048,0.3195,78.4417
1211,0.3048,0.3194,78.3720
1212,0.3051,0.3195,78.4538
1213,0.3051,0.3195,78.8579
1214,0.3051,0.3195,78.9293
1215,0.3050,0.3197,78.9799
1216,0.3050,0.3198,79.0584
1217,0.3050,0.3196,79.2982
1218,0.3049,0.3194,79.3642
1219,0.3049,0.3194,79.3661
1220,0.3051,0.3195,79.3336
1221,0.3051,0.3195,79.7682
1222,0.3051,0.3195,79.9012
1223,0.3051,0.3194,79.5804
1224,0.3050,0.3197,80.0760
1225,0.3050,0.3197,79.9857
1226,0.3051,0.3197,80.5736
1227,0.3051,0.3194,80.3507
1228,0.3051,0.3194,80.4197
1229,0.3051,0.3194,80.3633
1230,0.3051,0.3195,80.8387
1231,0.3051,0.3194,80.8210
1232,0.3051,0.3195,80.8857
1233,0.3050,0.3199,81.4415
1234,0.3050,0.3198,81.3313
1235,0.3052,0.3197,81.5112
1236,0.3051,0.3196,81.5316
1237,0.3052,0.3195,81.8223
1238,0.3052,0.3196,81.8565
1239,0.3052,0.3196,81.8964
1240,0.3052,0.3197,81.9258
1241,0.3051,0.3195,81.7420
1242,0.3053,0.3199,82.4287
1243,0.3053,0.3200,82.4092
1244,0.3051,0.3196,82.2601
1245,0.3052,0.3196,82.2504
1246,0.3051,0.3196,82.7144
1247,0.3051,0.3196,82.7010
1248,0.3051,0.3196,82.8498
1249,0.3052,0.3197,82.8891
1250,0.3053,0.3196,83.2416
1251,0.3052,0.3199,83.3683
1252,0.3052,0.3199,83.2954
1253,0.3051,0.3195,83.5757
1254,0.3051,0.3195,83.5598
1255,0.3051,0.3195,83.9161
1256,0.3050,0.3195,83.9067
1257,0.3050,0.3195,83.9452
1258,0.3052,0.3195,84.0366
1259,0.3052,0.3195,84.3674
1260,0.3051,0.3199,84.5555
1261,0.3050,0.3197,84.4715
1262,0.3050,0.3196,84.7914
1263,0.3050,0.3198,84.9436
1264,0.3050,0.3197,84.9253
1265,0.3052,0.3198,85.1087
1266,0.3052,0.3197,85.2926
1267,0.3052,0.3197,85.4055
1268,0.3053,0.3199,85.5258
1269,0.3051,0.3203,85.6481
1270,0.3050,0.3201,85.6818
1271,0.3049,0.3200,85.9549
1272,0.3049,0.3200,85.9994
1273,0.3051,0.3199,85.7067
1274,0.3051,0.3199,85.8339
1275,0.3051,0.3199,86.2508
1276,0.3051,0.3200,86.3016
1277,0.3051,0.3200,86.3542
1278,0.3050,0.3206,86.5248
1279,0.3047,0.3203,87.0250
1280,0.3049,0.3203,86.9296
1281,0.3049,0.3203,87.0974
1282,0.3049,0.3203,87.3461
1283,0.3049,0.3202,87.3576
1284,0.3049,0.3203,87.8495
1285,0.3049,0.3203,87.8994
1286,0.3049,0.3203,87.7160
1287,0.3045,0.3207,88.0702
1288,0.3047,0.3207,88.6913
1289,0.3047,0.3207,89.4325
1290,0.3037,0.3197,90.4587
1291,0.3038,0.3197,90.3202
1292,0.3037,0.3197,90.7032
1293,0.3037,0.3196,90.6110
1294,0.3038,0.3193,90.5657
1295,0.3037,0.3195,90.6674
1296,0.3037,0.3190,90.7673
1297,0.3037,0.3193,90.9738
1298,0.3035,0.3189,90.9104
1299,0.3035,0.3192,91.4025
1300,0.3035,0.3191,91.1957
1301,0.3035,0.3188,91.3241
1302,0.3035,0.3192,91.7654
1303,0.3035,0.3188,91.7198
1304,0.3035,0.3191,91.9734
1305,0.3035,0.3187,92.0195
1306,0.3034,0.3192,92.0459
1307,0.3034,0.3188,92.0389
1308,0.3034,0.3188,92.0266
1309,0.3033,0.3190,92.3080
1310,0.3033,0.3189,92.1671
1311,0.3031,0.3189,92.4143
1312,0.3031,0.3189,92.4106
1313,0.3029,0.3188,92.6674
1314,0.3031,0.3188,92.8014
1315,0.3031,0.3187,92.7628
1316,0.3032,0.3189,92.8483
1317,0.3031,0.3187,92.9445
1318,0.3031,0.3187,93.0899
1319,0.3030,0.3187,93.1495
1320,0.3031,0.3186,93.1592
1321,0.3031,0.3187,93.3177
1322,0.3032,0.3184,93.1559
1323,0.3032,0.3188,93.5105
1324,0.3034,0.3185,93.4835
1325,0.3033,0.3190,93.8195
1326,0.3032,0.3188,93.7792
1327,0.3034,0.3193,94.0809
1328,0.3032,0.3190,94.0870
1329,0.3034,0.3189,94.0352
1330,0.3033,0.3190,94.1749
1331,0.3036,0.3191,94.3666
1332,0.3035,0.3191,94.5228
1333,0.3038,0.3190,94.5804
1334,0.3036,0.3191,94.7116
1335,0.3037,0.3191,94.8751
1336,0.3035,0.3188,94.9416
1337,0.3036,0.3191,95.0098
1338,0.3034,0.3188,94.9284
1339,0.3035,0.3189,95.3770
1340,0.3035,0.3188,95.2260
1341,0.3033,0.3189,95.3469
1342,0.3035,0.3188,95.2795
1343,0.3034,0.3185,95.4236
1344,0.3037,0.3191,95.7946
1345,0.3036,0.3188,95.8727
1346,0.3039,0.3192,95.9770
1347,0.3038,0.3191,96.1482
1348,0.3041,0.3194,96.3563
1349,0.3039,0.3191,96.5414
1350,0.3042,0.3189,96.2915
1351,0.3039,0.3192,96.7791
1352,0.3042,0.3191,96.8495
1353,0.3038,0.3193,96.9757
1354,0.3041,0.3193,97.1305
1355,0.3037,0.3195,97.5468
1356,0.3037,0.3195,97.5947
1357,0.3038,0.3191,97.6366
1358,0.3035,0.3195,98.1601
1359,0.3037,0.3195,98.0345
1360,0.3035,0.3196,98.3729
1361,0.3038,0.3197,98.5286
1362,0.3035,0.3197,98.6529
1363,0.3039,0.3198,98.7133
1364,0.3037,0.3194,98.6869
1365,0.3039,0.3199,98.9866
1366,0.3037,0.3197,99.1095
1367,0.3038,0.3201,99.2511
1368,0.3035,0.3198,99.3761
1369,0.3035,0.3201,99.5050
1370,0.3035,0.3198,99.4967
1371,0.3035,0.3199,99.6805
1372,0.3035,0.3198,99.8817
1373,0.3035,0.3197,99.8157
1374,0.3035,0.3198,100.0070
1375,0.3036,0.3199,100.2298
1376,0.3035,0.3199,100.3228
1377,0.3034,0.3198,100.2582
1378,0.3035,0.3196,100.4169
1379,0.3033,0.3197,100.5907
1380,0.3035,0.3195,100.4107
1381,0.3033,0.3197,100.6138
1382,0.3035,0.3198,100.7432
1383,0.3034,0.3198,101.0930
1384,0.3034,0.3199,101.1544
1385,0.3034,0.3196,101.0444
1386,0.3034,0.3201,101.3678
1387,0.3035,0.3200,101.5580
1388,0.3034,0.3201,101.5436
1389,0.3036,0.3200,101.7474
1390,0.3035,0.3201,101.7652
1391,0.3035,0.3197,101.7508
1392,0.3035,0.3197,101.6992
1393,0.3036,0.3199,102.1727
1394,0.3036,0.3199,102.1794
1395,0.3038,0.3201,102.4292
1396,0.3038,0.3201,102.3893
1397,0.3036,0.3204,102.8954
1398,0.3035,0.3200,102.6365
1399,0.3035,0.3199,102.6658
1400,0.3035,0.3200,102.8747
1401,0.3035,0.3200,102.9378
1402,0.3034,0.3199,102.9691
1403,0.3035,0.3200,103.0605
1404,0.3035,0.3201,103.3181
1405,0.3035,0.3201,103.4183
1406,0.3036,0.3198,103.4432
1407,0.3035,0.3200,103.3782
1408,0.3036,0.3197,103.4718
1409,0.3035,0.3199,103.6170
1410,0.3038,0.3196,103.7445
1411,0.3037,0.3198,103.8520
1412,0.3033,0.3194,104.0162
1413,0.3038,0.3193,104.1348
1414,0.3036,0.3193,104.1916
1415,0.3039,0.3194,104.4769
1416,0.3037,0.3195,104.7679
1417,0.3039,0.3194,105.0858
1418,0.3037,0.3192,105.1468
1419,0.3038,0.3187,105.0607
1420,0.3039,0.3188,105.0636
1421,0.3038,0.3188,105.4428
1422,0.3038,0.3189,105.5824
1423,0.3039,0.3191,105.7977
1424,0.3039,0.3191,105.8894
1425,0.3035,0.3189,105.9763
1426,0.3038,0.3188,105.8382
1427,0.3036,0.3186,105.9980
1428,0.3038,0.3189,106.2385
1429,0.3037,0.3187,106.3363
1430,0.3038,0.3191,106.4601
1431,0.3036,0.3188,106.3406
1432,0.3038,0.3196,106.8656
1433,0.3036,0.3192,106.9677
1434,0.3039,0.3193,107.0707
1435,0.3037,0.3194,107.3750
1436,0.3039,0.3193,107.4613
1437,0.3037,0.3197,107.9069
1438,0.3038,0.3194,107.8704
1439,0.3036,0.3199,108.0883
1440,0.3035,0.3196,108.1123
1441,0.3037,0.3196,108.0500
1442,0.3035,0.3197,108.4984
1443,0.3037,0.3198,108.6857
1444,0.3036,0.3198,108.6552
1445,0.3038,0.3197,108.6214
1446,0.3036,0.3197,108.7295
1447,0.3038,0.3198,109.0110
1448,0.3036,0.3196,109.1006
1449,0.3038,0.3199,109.1630
1450,0.3036,0.3197,109.3366
1451,0.3038,0.3200,109.5811
1452,0.3037,0.3198,109.5340
1453,0.3039,0.3201,109.7873
1454,0.3038,0.3199,109.9763
1455,0.3038,0.3199,110.0074
1456,0.3037,0.3199,110.0372
1457,0.3035,0.3197,110.0916
1458,0.3036,0.3201,110.4451
1459,0.3034,0.3199,110.5076
1460,0.3036,0.3202,110.6680
1461,0.3034,0.3199,110.5798
1462,0.3037,0.3199,110.4881
1463,0.3034,0.3199,110.9746
1464,0.3037,0.3199,110.9389
1465,0.3034,0.3199,111.1903
1466,0.3036,0.3198,111.0750
1467,0.3035,0.3201,111.5160
1468,0.3035,0.3201,111.5180
1469,0.3036,0.3197,111.5285
1470,0.3036,0.3200,111.7005
1471,0.3037,0.3197,111.6746
1472,0.3036,0.3199,111.9407
1473,0.3035,0.3194,111.7624
1474,0.3034,0.3199,111.8645
1475,0.3033,0.3195,112.2832
1476,0.3034,0.3195,112.0684
1477,0.3032,0.3194,112.5411
1478,0.3029,0.3190,112.4833
1479,0.3033,0.3193,112.6447
1480,0.3031,0.3191,112.9848
1481,0.3035,0.3193,113.0461
1482,0.3033,0.3189,112.9634
1483,0.3033,0.3190,113.0875
1484,0.3034,0.3189,113.1828
1485,0.3035,0.3190,113.2747
1486,0.3037,0.3190,113.5833
1487,0.3037,0.3191,113.6327
1488,0.3038,0.3191,114.0852
1489,0.3037,0.3190,113.6934
1490,0.3037,0.3186,113.7545
1491,0.3037,0.3189,114.0013
1492,0.3037,0.3186,114.0596
1493,0.3036,0.3190,114.1151
1494,0.3038,0.3188,114.5094
1495,0.3037,0.3193,114.6865
1496,0.3035,0.3190,114.6417
1497,0.3036,0.3188,115.0430
1498,0.3035,0.3190,114.9569
1499,0.3037,0.3188,115.1375
1500,0.3037,0.3195,115.7911
1501,0.3038,0.3192,115.6161
1502,0.3037,0.3197,116.0154
1503,0.3039,0.3196,116.1018
1504,0.3039,0.3197,116.3185
1505,0.3037,0.3200,116.5398
1506,0.3038,0.3199,116.4524
1507,0.3038,0.3205,117.3774
1508,0.3038,0.3204,117.0489
1509,0.3038,0.3207,117.4796
1510,0.3038,0.3207,117.3283
1511,0.3037,0.3205,117.4222
1512,0.3038,0.3207,117.5320
1513,0.3036,0.3205,117.6344
1514,0.3037,0.3209,118.1339
1515,0.3036,0.3206,118.1007
1516,0.3037,0.3211,118.4436
1517,0.3036,0.3209,118.6053
1518,0.3037,0.3207,118.4990
1519,0.3036,0.3209,118.5135
1520,0.3035,0.3206,118.5291
1521,0.3035,0.3208,118.8153
1522,0.3034,0.3205,118.7557
1523,0.3034,0.3207,118.8971
1524,0.3032,0.3206,118.9736
1525,0.3035,0.3206,118.9975
1526,0.3032,0.3207,119.1417
1527,0.3035,0.3208,119.5165
1528,0.3032,0.3208,119.6657
1529,0.3034,0.3208,119.7698
1530,0.3032,0.3207,119.7467
1531,0.3034,0.3207,119.9918
1532,0.3033,0.3205,120.0049
1533,0.3035,0.3208,120.3253
1534,0.3033,0.3205,120.4483
1535,0.3034,0.3208,120.5240
1536,0.3033,0.3205,120.8896
1537,0.3031,0.3203,120.9335
1538,0.3031,0.3204,121.1123
1539,0.3029,0.3200,120.8871
1540,0.3030,0.3202,121.1012
1541,0.3028,0.3198,121.2652
1542,0.3030,0.3200,121.3393
1543,0.3029,0.3199,121.5470
1544,0.3031,0.3202,121.8592
1545,0.3029,0.3199,121.8129
1546,0.3031,0.3199,121.7374
1547,0.3029,0.3199,122.1207
1548,0.3033,0.3200,122.4124
1549,0.3031,0.3199,122.3992
1550,0.3035,0.3198,122.4531
1551,0.3033,0.3200,122.9111
1552,0.3033,0.3199,122.6264
1553,0.3036,0.3198,123.0733
1554,0.3033,0.3201,123.0448
1555,0.3037,0.3199,123.2436
1556,0.3036,0.3201,123.3616
1557,0.3038,0.3199,123.7178
1558,0.3037,0.3199,123.6858
1559,0.3039,0.3199,123.7922
1560,0.3037,0.3196,123.7937
1561,0.3040,0.3198,124.0008
1562,0.3037,0.3195,123.9484
1563,0.3040,0.3199,124.6382
1564,0.3039,0.3197,124.6635
1565,0.3041,0.3202,125.1907
1566,0.3040,0.3201,125.2881
1567,0.3040,0.3201,125.2204
1568,0.3041,0.3201,125.3835
1569,0.3041,0.3201,125.3166
1570,0.3041,0.3203,125.8667
1571,0.3042,0.3202,125.7564
1572,0.3041,0.3204,125.9960
1573,0.3042,0.3204,125.9676
1574,0.3043,0.3203,126.2226
1575,0.3042,0.3205,126.4033
1576,0.3042,0.3203,126.3962
1577,0.3040,0.3204,126.4796
1578,0.3042,0.3203,126.6302
1579,0.3039,0.3206,126.9394
1580,0.3042,0.3206,127.0999
1581,0.3040,0.3203,126.9717
1582,0.3039,0.3209,127.4889
1583,0.3040,0.3207,127.4980
1584,0.3039,0.3209,127.6850
1585,0.3038,0.3207,127.9832
1586,0.3037,0.3212,128.3212
1587,0.3037,0.3208,128.2204
1588,0.3037,0.3208,128.1655
1589,0.3037,0.3212,128.7194
1590,0.3037,0.3212,128.6416
1591,0.3037,0.3213,129.0822
1592,0.3038,0.3213,129.0244
1593,0.3037,0.3211,129.1838
1594,0.3037,0.3212,129.2751
1595,0.3035,0.3209,129.3368
1596,0.3036,0.3211,129.5456
1597,0.3033,0.3207,129.5842
1598,0.3032,0.3206,129.7779
1599,0.3031,0.3205,129.7385
1600,0.3031,0.3204,130.0542
1601,0.3031,0.3204,130.0294
1602,0.3031,0.3201,130.1275
1603,0.3031,0.3204,130.4897
1604,0.3031,0.3202,130.7296
1605,0.3030,0.3205,130.7774
1606,0.3031,0.3202,130.9131
1607,0.3031,0.3207,131.1264
1608,0.3031,0.3203,131.1580
1609,0.3032,0.3204,131.2199
1610,0.3030,0.3205,131.6228
1611,0.3031,0.3205,131.6492
1612,0.3028,0.3202,131.7171
1613,0.3030,0.3202,131.7469
1614,0.3028,0.3203,131.9683
1615,0.3031,0.3203,132.2296
1616,0.3029,0.3201,132.1670
1617,0.3030,0.3202,132.6210
1618,0.3030,0.3202,132.5479
1619,0.3031,0.3201,132.7739
1620,0.3031,0.3201,132.6408
1621,0.3032,0.3201,133.1245
1622,0.3033,0.3201,132.9984
1623,0.3033,0.3200,133.4890
1624,0.3035,0.3204,133.7310
1625,0.3034,0.3202,133.6066
1626,0.3036,0.3206,134.0253
1627,0.3033,0.3202,133.9761
1628,0.3036,0.3204,134.2912
1629,0.3035,0.3202,134.2663
1630,0.3037,0.3202,134.4471
1631,0.3036,0.3202,134.4379
1632,0.3038,0.3201,134.3778
1633,0.3037,0.3202,134.5179
1634,0.3039,0.3203,134.8125
1635,0.3037,0.3204,135.0988
1636,0.3038,0.3201,134.9797
1637,0.3038,0.3201,135.0823
1638,0.3036,0.3201,135.0090
1639,0.3040,0.3201,135.2480
1640,0.3038,0.3202,135.3115
1641,0.3039,0.3202,135.4099
1642,0.3037,0.3204,135.8770
1643,0.3038,0.3203,135.9212
1644,0.3037,0.3201,136.1958
1645,0.3038,0.3205,136.6797
1646,0.3037,0.3203,136.3847
1647,0.3038,0.3206,136.8672
1648,0.3037,0.3204,136.8887
1649,0.3039,0.3208,137.2847
1650,0.3037,0.3205,137.4056
1651,0.3036,0.3204,137.1681
1652,0.3036,0.3208,137.8756
1653,0.3036,0.3207,137.7790
1654,0.3036,0.3212,138.4428
1655,0.3035,0.3210,138.1362
1656,0.3034,0.3213,138.6792
1657,0.3032,0.3209,138.9504
1658,0.3033,0.3209,138.8374
1659,0.3030,0.3210,139.2223
1660,0.3031,0.3208,139.0487
1661,0.3029,0.3208,139.3308
1662,0.3031,0.3207,139.3223
1663,0.3029,0.3209,139.9648
1664,0.3030,0.3207,140.0242
1665,0.3030,0.3206,140.0118
1666,0.3029,0.3211,140.5055
1667,0.3028,0.3206,140.3851
1668,0.3028,0.3210,140.8387
1669,0.3028,0.3207,140.6505
1670,0.3028,0.3209,140.7772
1671,0.3028,0.3206,140.9842
1672,0.3029,0.3206,140.8830
1673,0.3029,0.3207,141.2338
1674,0.3029,0.3207,141.4568
1675,0.3029,0.3209,141.7468
1676,0.3027,0.3206,141.8082
1677,0.3028,0.3210,142.3270
1678,0.3027,0.3207,142.1692
1679,0.3029,0.3207,142.4206
1680,0.3028,0.3208,142.4823
1681,0.3028,0.3208,142.5928
1682,0.3028,0.3209,143.0187
1683,0.3028,0.3208,142.8521
1684,0.3029,0.3206,142.9955
1685,0.3028,0.3209,143.2874
1686,0.3031,0.3207,143.4837
1687,0.3031,0.3212,143.9505
1688,0.3033,0.3209,143.8357
1689,0.3032,0.3210,143.9167
1690,0.3035,0.3208,143.9206
1691,0.3035,0.3208,144.0083
1692,0.3036,0.3208,144.2728
1693,0.3036,0.3208,144.3091
1694,0.3035,0.3210,144.8013
1695,0.3037,0.3209,145.0125
1696,0.3037,0.3211,145.0430
1697,0.3037,0.3209,145.4329
1698,0.3037,0.3210,145.4064
1699,0.3037,0.3209,145.5500
1700,0.3037,0.3208,145.4621
1701,0.3038,0.3208,145.8719
1702,0.3037,0.3208,145.5435
1703,0.3038,0.3210,145.9969
1704,0.3038,0.3210,145.9291
1705,0.3038,0.3208,145.9991
1706,0.3038,0.3211,146.3217
1707,0.3039,0.3209,146.3335
1708,0.3038,0.3210,146.5882
1709,0.3037,0.3208,146.7534
1710,0.3038,0.3209,146.8107
1711,0.3038,0.3208,147.0547
1712,0.3040,0.3208,147.0317
1713,0.3037,0.3208,147.4875
1714,0.3040,0.3209,147.6379
1715,0.3037,0.3210,147.7645
1716,0.3035,0.3205,147.7555
1717,0.3035,0.3208,148.0700
1718,0.3035,0.3204,148.0010
1719,0.3035,0.3204,147.9504
1720,0.3034,0.3203,148.3300
1721,0.3035,0.3204,148.5701
1722,0.3030,0.3203,148.7846
1723,0.3032,0.3203,149.0415
1724,0.3030,0.3203,148.9995
1725,0.3031,0.3203,149.1548
1726,0.3029,0.3200,149.0478
1727,0.3031,0.3203,149.5738
1728,0.3029,0.3200,149.7475
1729,0.3030,0.3204,150.0458
1730,0.3029,0.3201,150.0226
1731,0.3030,0.3207,150.6448
1732,0.3028,0.3204,150.2678
1733,0.3029,0.3204,150.3796
1734,0.3027,0.3205,150.9383
1735,0.3029,0.3205,150.9421
1736,0.3026,0.3207,151.2430
1737,0.3025,0.3205,151.4028
1738,0.3026,0.3209,151.9188
1739,0.3026,0.3209,152.1084
1740,0.3027,0.3209,152.2263
1741,0.3025,0.3208,152.2894
1742,0.3028,0.3209,152.5253
1743,0.3025,0.3208,152.4144
1744,0.3028,0.3208,152.7303
1745,0.3027,0.3210,152.8764
1746,0.3029,0.3210,153.0261
1747,0.3027,0.3208,153.1053
1748,0.3029,0.3212,153.3824
1749,0.3028,0.3210,153.5516
1750,0.3027,0.3211,153.6773
1751,0.3028,0.3210,153.9335
1752,0.3028,0.3212,154.1011
1753,0.3029,0.3210,154.0182
1754,0.3029,0.3210,154.2258
1755,0.3031,0.3212,154.7168
1756,0.3029,0.3210,154.6555
1757,0.3032,0.3213,155.1042
1758,0.3030,0.3209,154.7623
1759,0.3033,0.3213,155.0853
1760,0.3033,0.3211,155.3588
1761,0.3036,0.3211,155.4469
1762,0.3034,0.3211,155.4880
1763,0.3037,0.3211,155.7390
1764,0.3034,0.3212,156.0579
1765,0.3033,0.3211,155.9871
1766,0.3034,0.3211,156.3833
1767,0.3034,0.3212,156.4718
1768,0.3035,0.3210,156.6012
1769,0.3035,0.3212,156.6484
1770,0.3036,0.3210,156.6251
1771,0.3036,0.3211,156.7523
1772,0.3036,0.3208,157.0309
1773,0.3036,0.3213,157.4191
1774,0.3037,0.3210,157.5553
1775,0.3036,0.3209,157.5556
1776,0.3038,0.3212,158.0161
1777,0.3035,0.3208,157.9597
1778,0.3034,0.3210,158.2108
1779,0.3034,0.3207,158.1495
1780,0.3034,0.3208,158.3064
1781,0.3032,0.3204,158.3376
1782,0.3033,0.3203,158.2954
1783,0.3032,0.3203,158.8809
1784,0.3032,0.3203,158.7888
1785,0.3032,0.3203,159.2171
1786,0.3033,0.3204,159.2870
1787,0.3032,0.3202,159.4386
1788,0.3032,0.3203,159.6127
1789,0.3033,0.3202,160.0347
1790,0.3032,0.3204,160.1649
1791,0.3030,0.3200,160.0781
1792,0.3032,0.3200,160.1914
1793,0.3029,0.3201,160.5146
1794,0.3031,0.3201,160.6546
1795,0.3029,0.3203,160.8866
1796,0.3030,0.3203,161.0983
1797,0.3028,0.3200,161.0034
1798,0.3028,0.3204,161.3023
1799,0.3030,0.3204,161.2469
1800,0.3027,0.3200,161.2211
1801,0.3029,0.3204,161.8202
1802,0.3028,0.3201,161.6922
1803,0.3029,0.3207,162.2062
1804,0.3028,0.3205,162.2769
1805,0.3028,0.3205,162.3113
1806,0.3027,0.3209,163.0667
1807,0.3027,0.3209,162.8657
1808,0.3028,0.3207,163.2215
1809,0.3027,0.3213,163.8085
1810,0.3028,0.3211,164.0777
1811,0.3028,0.3215,164.1861
1812,0.3030,0.3215,164.3232
1813,0.3029,0.3214,164.1959
1814,0.3028,0.3217,164.8936
1815,0.3030,0.3216,164.8914
1816,0.3028,0.3213,164.7461
1817,0.3029,0.3217,165.0915
1818,0.3028,0.3215,165.2548
1819,0.3030,0.3219,165.8736
1820,0.3029,0.3217,165.7139
1821,0.3029,0.3217,165.7589
1822,0.3030,0.3218,166.3186
1823,0.3030,0.3218,166.0321
1824,0.3031,0.3218,166.0555
1825,0.3029,0.3217,166.3375
1826,0.3033,0.3216,166.4245
1827,0.3030,0.3216,166.5434
1828,0.3030,0.3217,166.6086
1829,0.3033,0.3214,166.7960
1830,0.3033,0.3217,167.1179
1831,0.3035,0.3215,167.1682
1832,0.3035,0.3215,167.1963
1833,0.3035,0.3216,167.7464
1834,0.3035,0.3216,167.5499
1835,0.3033,0.3215,167.9084
1836,0.3036,0.3216,168.2237
1837,0.3034,0.3214,168.1497
1838,0.3036,0.3216,168.1980
1839,0.3036,0.3214,168.3581
1840,0.3037,0.3213,168.3254
1841,0.3036,0.3215,168.8902
1842,0.3036,0.3215,168.9687
1843,0.3036,0.3215,169.3466
1844,0.3035,0.3214,169.2920
1845,0.3036,0.3211,169.0087
1846,0.3035,0.3213,169.5014
1847,0.3035,0.3209,169.3510
1848,0.3036,0.3211,169.6019
1849,0.3035,0.3213,169.9463
1850,0.3035,0.3209,170.0496
1851,0.3034,0.3213,170.2978
1852,0.3036,0.3211,170.5721
1853,0.3035,0.3210,170.5168
1854,0.3036,0.3211,170.9636
1855,0.3036,0.3212,171.0276
1856,0.3033,0.3208,170.9978
1857,0.3035,0.3210,171.1375
1858,0.3033,0.3207,171.1240
1859,0.3035,0.3210,171.3433
1860,0.3033,0.3208,171.2428
1861,0.3035,0.3208,171.6958
1862,0.3033,0.3209,172.3584
1863,0.3034,0.3208,172.0066
1864,0.3032,0.3206,172.2135
1865,0.3031,0.3207,172.1689
1866,0.3031,0.3206,172.3695
1867,0.3032,0.3208,172.6698
1868,0.3031,0.3204,172.5535
1869,0.3032,0.3205,172.5674
1870,0.3032,0.3205,172.8903
1871,0.3032,0.3204,172.9871
1872,0.3030,0.3201,172.7497
1873,0.3032,0.3204,173.2380
1874,0.3031,0.3204,173.1395
1875,0.3032,0.3207,173.8803
1876,0.3032,0.3207,173.7303
1877,0.3032,0.3204,173.6558
1878,0.3032,0.3208,174.0630
1879,0.3030,0.3205,174.0189
1880,0.3032,0.3205,174.1266
1881,0.3031,0.3206,174.4780
1882,0.3034,0.3207,174.7848
1883,0.3032,0.3210,175.2574
1884,0.3034,0.3210,175.1119
1885,0.3033,0.3207,175.0268
1886,0.3032,0.3211,175.5169
1887,0.3033,0.3209,175.5354
1888,0.3033,0.3209,175.5649
1889,0.3034,0.3210,175.9728
1890,0.3034,0.3210,175.9798
1891,0.3035,0.3214,176.5500
1892,0.3035,0.3214,176.6332
1893,0.3033,0.3211,176.6524
1894,0.3034,0.3216,177.2431
1895,0.3032,0.3214,177.3181
1896,0.3034,0.3213,177.3998
1897,0.3031,0.3214,177.6848
1898,0.3033,0.3214,177.7769
1899,0.3033,0.3218,178.2112
1900,0.3031,0.3216,178.3281
1901,0.3035,0.3216,178.3981
1902,0.3033,0.3218,178.6707
1903,0.3035,0.3218,178.8165
1904,0.3034,0.3215,178.8918
1905,0.3037,0.3219,179.4516
1906,0.3035,0.3217,179.5204
1907,0.3038,0.3218,179.8520
1908,0.3037,0.3215,179.9095
1909,0.3037,0.3215,179.8235
1910,0.3037,0.3215,180.3540
1911,0.3037,0.3216,180.5177
1912,0.3038,0.3212,180.6665
1913,0.3037,0.3214,180.7041
1914,0.3038,0.3212,181.0118
1915,0.3037,0.3215,181.4720
1916,0.3035,0.3211,181.2697
1917,0.3037,0.3210,181.3100
1918,0.3035,0.3210,181.5127
1919,0.3037,0.3210,181.7625
1920,0.3037,0.3208,181.6954
1921,0.3038,0.3211,182.0306
1922,0.3037,0.3208,182.2074
1923,0.3036,0.3213,182.3659
1924,0.3037,0.3210,182.4897
1925,0.3037,0.3209,182.6101
1926,0.3039,0.3213,183.0807
1927,0.3037,0.3211,182.9990
1928,0.3038,0.3209,182.7418
1929,0.3036,0.3209,183.1717
1930,0.3036,0.3208,182.8467
1931,0.3036,0.3209,183.3634
1932,0.3036,0.3210,183.7367
1933,0.3036,0.3207,183.7504
1934,0.3036,0.3209,183.9388
1935,0.3036,0.3207,184.1074
1936,0.3036,0.3208,184.2701
1937,0.3035,0.3209,184.6368
1938,0.3036,0.3207,184.2693
1939,0.3035,0.3208,184.5646
1940,0.3037,0.3209,185.0019
1941,0.3036,0.3206,184.9515
1942,0.3037,0.3209,185.2155
1943,0.3036,0.3207,185.3711
1944,0.3036,0.3207,185.6067
1945,0.3035,0.3208,185.7090
1946,0.3035,0.3208,185.5253
1947,0.3035,0.3209,185.8561
1948,0.3036,0.3210,186.2959
1949,0.3037,0.3208,186.1229
1950,0.3036,0.3209,186.3290
1951,0.3036,0.3209,186.3602
1952,0.3037,0.3206,186.3981
1953,0.3036,0.3208,186.5536
1954,0.3037,0.3206,186.5520
1955,0.3036,0.3209,187.0435
1956,0.3037,0.3208,187.0724
1957,0.3038,0.3209,187.1336
1958,0.3038,0.3208,187.1659
1959,0.3038,0.3208,187.5941
1960,0.3037,0.3206,187.0773
1961,0.3039,0.3209,187.6530
1962,0.3037,0.3207,187.9832
1963,0.3039,0.3211,188.1960
1964,0.3037,0.3209,188.3246
1965,0.3039,0.3209,188.5093
1966,0.3036,0.3210,188.8160
1967,0.3036,0.3210,188.7229
1968,0.3037,0.3208,189.0617
1969,0.3037,0.3210,189.4551
1970,0.3038,0.3208,189.4679
1971,0.3037,0.3212,189.8281
1972,0.3037,0.3210,189.8690
1973,0.3037,0.3210,190.1549
1974,0.3035,0.3212,190.4638
1975,0.3039,0.3213,190.9464
1976,0.3038,0.3212,190.6300
1977,0.3038,0.3213,191.2835
1978,0.3039,0.3215,191.5337
1979,0.3039,0.3216,192.2524
1980,0.3039,0.3216,192.2212
1981,0.3036,0.3213,192.2841
1982,0.3038,0.3216,193.1365
1983,0.3035,0.3212,192.8927
1984,0.3037,0.3212,193.0582
1985,0.3036,0.3214,193.7064
1986,0.3037,0.3213,193.7705
1987,0.3035,0.3212,193.6459
1988,0.3035,0.3212,193.8555
1989,0.3036,0.3209,194.0038
1990,0.3036,0.3214,194.7363
1991,0.3037,0.3212,194.8529
1992,0.3036,0.3212,194.7330
1993,0.3037,0.3213,195.2725
1994,0.3037,0.3213,195.0913
1995,0.3034,0.3212,195.3327
1996,0.3036,0.3212,195.4479
1997,0.3034,0.3209,195.4723
1998,0.3036,0.3212,195.6270
1999,0.3035,0.3210,195.6685
2000,0.3037,0.3210,195.8484
2001,0.3037,0.3214,196.5172
2002,0.3036,0.3212,196.4938
2003,0.3038,0.3215,196.8216
2004,0.3036,0.3213,197.1511
2005,0.3037,0.3211,196.9935
2006,0.3036,0.3211,197.0054
2007,0.3038,0.3213,197.4935
2008,0.3036,0.3210,197.4986
2009,0.3038,0.3212,197.5509
2010,0.3038,0.3212,198.0238
2011,0.3037,0.3215,197.9338
2012,0.3037,0.3213,198.4023
2013,0.3037,0.3211,197.7231
2014,0.3036,0.3212,198.1688
2015,0.3036,0.3211,198.3173
2016,0.3037,0.3211,198.6486
2017,0.3037,0.3212,198.6416
2018,0.3036,0.3211,198.8167
2019,0.3038,0.3213,199.1644
2020,0.3036,0.3210,198.9339
2021,0.3038,0.3209,198.8317
2022,0.3037,0.3211,199.4636
2023,0.3038,0.3211,199.5068
2024,0.3037,0.3209,199.5407
2025,0.3036,0.3212,199.8474
2026,0.3038,0.3213,200.0794
2027,0.3036,0.3213,200.2886
2028,0.3038,0.3213,200.4533
2029,0.3036,0.3210,200.4255
2030,0.3038,0.3213,200.9122
2031,0.3036,0.3211,200.7923
2032,0.3037,0.3211,200.8096
2033,0.3036,0.3212,201.3475
2034,0.3036,0.3213,201.1920
2035,0.3037,0.3213,201.4258
2036,0.3037,0.3213,201.4916
2037,0.3038,0.3210,201.7214
2038,0.3037,0.3212,202.0076
2039,0.3036,0.3210,202.1371
2040,0.3038,0.3210,202.1728
2041,0.3037,0.3210,202.3228
2042,0.3038,0.3210,202.4803
2043,0.3035,0.3209,202.8657
2044,0.3037,0.3209,202.7885
2045,0.3035,0.3205,202.9255
2046,0.3034,0.3208,203.1697
2047,0.3034,0.3205,203.2664
2048,0.3034,0.3205,202.9673
2049,0.3034,0.3204,203.7870
2050,0.3034,0.3203,203.3750
2051,0.3037,0.3206,203.6894
2052,0.3035,0.3203,204.0924
2053,0.3039,0.3203,204.0080
2054,0.3037,0.3205,204.4209
2055,0.3036,0.3205,204.5087
2056,0.3039,0.3203,204.6953
2057,0.3038,0.3206,205.1803
2058,0.3038,0.3202,205.1261
2059,0.3038,0.3207,205.8814
2060,0.3039,0.3203,205.5216
2061,0.3039,0.3204,205.8983
2062,0.3037,0.3205,206.0405
2063,0.3039,0.3206,206.2554
2064,0.3038,0.3203,206.2650
2065,0.3039,0.3206,206.6636
2066,0.3037,0.3205,207.1304
2067,0.3039,0.3208,207.3051
2068,0.3037,0.3206,207.3304
2069,0.3037,0.3206,207.2661
2070,0.3038,0.3207,207.7527
2071,0.3039,0.3209,208.3939
2072,0.3040,0.3208,208.5220
2073,0.3039,0.3211,208.6778
2074,0.3040,0.3209,209.0496
2075,0.3039,0.3212,209.2110
2076,0.3039,0.3212,209.1135
2077,0.3039,0.3210,209.3504
2078,0.3039,0.3212,209.3971
2079,0.3041,0.3211,209.6198
2080,0.3041,0.3210,209.8335
2081,0.3041,0.3211,210.1549
2082,0.3041,0.3211,210.1481
2083,0.3039,0.3212,210.2620
2084,0.3041,0.3212,210.6514
2085,0.3040,0.3210,210.4969
2086,0.3041,0.3212,210.9965
2087,0.3040,0.3211,210.8997
2088,0.3042,0.3210,210.9583
2089,0.3040,0.3211,211.2069
2090,0.3040,0.3212,211.6292
2091,0.3040,0.3213,211.9966
2092,0.3040,0.3212,211.9676
2093,0.3040,0.3210,211.9897
2094,0.3039,0.3213,212.3821
2095,0.3039,0.3211,212.3861
2096,0.3039,0.3212,212.4626
2097,0.3037,0.3212,212.7321
2098,0.3040,0.3213,213.2296
2099,0.3037,0.3211,212.8109
2100,0.3039,0.3211,212.9626
2101,0.3038,0.3208,212.8322
2102,0.3038,0.3210,213.3488
2103,0.3039,0.3212,213.7225
2104,0.3040,0.3209,213.4189
2105,0.3039,0.3213,214.0654
2106,0.3038,0.3210,214.1024
2107,0.3040,0.3212,214.0589
2108,0.3039,0.3210,214.3115
2109,0.3041,0.3209,214.0266
2110,0.3039,0.3209,214.3558
2111,0.3041,0.3210,214.7430
2112,0.3038,0.3205,214.6038
2113,0.3038,0.3210,215.1224
2114,0.3038,0.3206,215.3362
2115,0.3037,0.3209,215.9122
2116,0.3037,0.3205,215.8393
2117,0.3038,0.3206,216.3116
2118,0.3037,0.3205,216.5202
2119,0.3038,0.3205,216.4961
2120,0.3036,0.3203,216.7139
2121,0.3037,0.3203,216.8808
2122,0.3036,0.3202,217.0138
2123,0.3038,0.3203,217.2083
2124,0.3037,0.3201,217.2505
2125,0.3040,0.3201,217.5491
2126,0.3038,0.3202,217.9536
2127,0.3038,0.3203,217.8593
2128,0.3041,0.3202,217.9093
2129,0.3039,0.3202,218.0298
2130,0.3041,0.3201,218.1042
2131,0.3040,0.3202,218.4245
2132,0.3041,0.3201,218.5049
2133,0.3040,0.3199,218.4605
2134,0.3040,0.3203,219.3054
2135,0.3041,0.3202,219.6363
2136,0.3041,0.3200,219.0172
2137,0.3041,0.3201,219.5969
2138,0.3041,0.3201,219.8172
2139,0.3042,0.3202,220.2718
2140,0.3042,0.3203,220.5149
2141,0.3041,0.3201,220.4515
2142,0.3043,0.3205,220.8220
2143,0.3041,0.3203,220.6599
2144,0.3044,0.3203,221.0577
2145,0.3042,0.3205,221.3775
2146,0.3044,0.3206,221.7732
2147,0.3042,0.3209,222.4400
2148,0.3042,0.3208,222.3931
2149,0.3043,0.3208,222.6548
2150,0.3043,0.3213,223.2452
2151,0.3044,0.3211,223.5347
2152,0.3044,0.3211,223.3944
2153,0.3045,0.3215,223.7363
2154,0.3043,0.3213,223.9438
2155,0.3045,0.3216,224.5351
2156,0.3043,0.3214,224.4448
2157,0.3043,0.3213,224.4773
2158,0.3044,0.3216,225.1800
2159,0.3044,0.3214,224.8123
2160,0.3044,0.3212,225.0078
2161,0.3044,0.3217,225.4980
2162,0.3043,0.3215,225.7256
2163,0.3043,0.3217,226.0827
2164,0.3041,0.3215,226.1504
2165,0.3042,0.3215,226.3592
2166,0.3041,0.3215,226.7119
2167,0.3042,0.3215,226.8350
2168,0.3042,0.3214,226.7852
2169,0.3043,0.3215,227.0568
2170,0.3042,0.3213,227.1597
2171,0.3041,0.3216,227.4399
2172,0.3041,0.3213,227.7496
2173,0.3041,0.3213,227.6646
2174,0.3041,0.3214,227.9950
2175,0.3041,0.3215,228.3647
2176,0.3041,0.3211,228.2439
2177,0.3041,0.3213,228.5206
2178,0.3040,0.3213,228.4617
2179,0.3040,0.3213,229.0382
2180,0.3041,0.3213,229.0707
2181,0.3040,0.3209,228.8922
2182,0.3040,0.3214,229.8918
2183,0.3040,0.3211,229.8073
2184,0.3040,0.3210,229.7735
2185,0.3037,0.3210,230.1992
2186,0.3039,0.3209,230.2583
2187,0.3039,0.3210,230.6686
2188,0.3040,0.3209,230.3241
2189,0.3039,0.3207,230.4997
2190,0.3040,0.3208,230.6196
2191,0.3038,0.3205,230.5692
2192,0.3038,0.3205,230.7082
2193,0.3038,0.3206,231.2178
2194,0.3039,0.3207,231.2654
2195,0.3039,0.3208,231.6918
2196,0.3038,0.3207,231.5894
2197,0.3041,0.3205,231.9368
2198,0.3039,0.3207,232.0631
2199,0.3041,0.3204,232.0382
2200,0.3041,0.3205,232.3878
2201,0.3039,0.3205,232.6593
2202,0.3042,0.3204,232.7551
2203,0.3042,0.3208,233.1916
2204,0.3044,0.3207,233.6210
2205,0.3044,0.3206,233.3571
2206,0.3045,0.3207,233.8316
2207,0.3045,0.3206,233.6844
2208,0.3043,0.3204,233.8753
2209,0.3046,0.3206,234.4341
2210,0.3045,0.3204,234.5324
2211,0.3047,0.3206,235.0394
2212,0.3046,0.3205,235.0777
2213,0.3048,0.3205,235.3119
2214,0.3046,0.3205,235.3189
2215,0.3046,0.3206,235.5296
2216,0.3046,0.3203,235.0636
2217,0.3046,0.3207,235.7004
2218,0.3047,0.3204,235.8544
2219,0.3047,0.3207,236.0469
2220,0.3049,0.3206,236.2917
2221,0.3049,0.3206,236.1860
2222,0.3047,0.3206,236.7385
2223,0.3049,0.3207,236.7712
2224,0.3048,0.3205,236.6428
2225,0.3049,0.3208,237.2722
2226,0.3047,0.3206,237.1978
2227,0.3049,0.3209,237.8382
2228,0.3049,0.3210,238.1147
2229,0.3047,0.3208,238.1359
2230,0.3049,0.3211,238.6563
2231,0.3048,0.3210,238.6631
2232,0.3049,0.3209,238.6968
2233,0.3047,0.3212,239.5197
2234,0.3048,0.3211,239.5837
2235,0.3046,0.3214,240.2988
2236,0.3045,0.3213,239.9339
2237,0.3046,0.3210,240.1863
2238,0.3046,0.3214,240.5257
2239,0.3046,0.3211,240.3963
2240,0.3047,0.3212,240.8284
2241,0.3046,0.3213,241.1293
2242,0.3046,0.3214,241.2660
2243,0.3043,0.3214,241.9566
2244,0.3045,0.3215,241.9585
2245,0.3043,0.3210,241.6228
2246,0.3044,0.3213,242.2446
2247,0.3043,0.3212,242.7529
2248,0.3045,0.3211,242.7055
2249,0.3042,0.3209,243.3146
2250,0.3044,0.3209,243.2775
2251,0.3042,0.3211,243.7245
2252,0.3042,0.3209,243.4016
2253,0.3043,0.3209,243.6996
2254,0.3041,0.3210,244.0836
2255,0.3044,0.3210,244.2619
2256,0.3042,0.3206,244.1489
2257,0.3044,0.3210,244.7594
2258,0.3042,0.3206,244.5239
2259,0.3042,0.3210,244.9678
2260,0.3043,0.3208,244.9080
2261,0.3043,0.3208,244.9463
2262,0.3041,0.3208,245.4679
2263,0.3042,0.3208,245.5876
2264,0.3042,0.3205,245.4687
2265,0.3042,0.3208,245.8746
2266,0.3040,0.3207,245.9980
2267,0.3042,0.3209,246.5977
2268,0.3041,0.3206,246.2004
2269,0.3042,0.3206,246.4059
2270,0.3041,0.3207,246.6946
2271,0.3044,0.3207,247.1777
2272,0.3042,0.3204,247.0949
2273,0.3042,0.3208,247.5867
2274,0.3044,0.3206,247.9193
2275,0.3044,0.3209,248.4055
2276,0.3046,0.3208,248.7156
2277,0.3046,0.3208,248.7164
2278,0.3047,0.3207,248.9903
2279,0.3047,0.3206,249.0220
2280,0.3047,0.3206,248.8835
2281,0.3048,0.3207,249.2469
2282,0.3047,0.3207,249.2319
2283,0.3048,0.3209,250.0428
2284,0.3048,0.3209,250.1611
2285,0.3049,0.3208,250.2373
2286,0.3049,0.3211,250.6620
2287,0.3048,0.3209,250.8360
2288,0.3050,0.3207,250.4376
2289,0.3048,0.3207,250.8746
2290,0.3051,0.3208,251.0981
2291,0.3050,0.3208,251.5562
2292,0.3051,0.3208,251.5783
2293,0.3050,0.3207,251.4481
2294,0.3049,0.3209,251.9519
2295,0.3050,0.3208,252.4441
2296,0.3050,0.3208,252.4179
2297,0.3051,0.3208,252.7474
2298,0.3051,0.3208,252.5390
2299,0.3051,0.3208,253.1053
2300,0.3051,0.3209,253.1017
2301,0.3051,0.3206,253.1463
2302,0.3051,0.3208,253.2172
2303,0.3049,0.3206,253.4942
2304,0.3051,0.3205,253.2697
2305,0.3050,0.3209,254.1096
2306,0.3051,0.3207,254.0791
2307,0.3050,0.3210,254.5160
2308,0.3051,0.3208,254.5679
2309,0.3051,0.3207,254.3323
2310,0.3049,0.3208,255.1711
2311,0.3050,0.3208,255.4344
2312,0.3047,0.3204,255.2912
2313,0.3048,0.3207,255.7685
2314,0.3047,0.3205,255.7864
2315,0.3048,0.3209,256.7459
2316,0.3046,0.3207,256.9474
2317,0.3046,0.3207,256.8615
2318,0.3045,0.3208,257.4174
2319,0.3045,0.3208,257.4702
2320,0.3045,0.3205,257.2479
2321,0.3045,0.3211,258.3569
2322,0.3045,0.3208,258.7929
2323,0.3044,0.3213,259.1719
2324,0.3042,0.3209,259.0282
2325,0.3045,0.3210,259.2475
2326,0.3042,0.3211,259.6969
2327,0.3044,0.3211,259.6046
2328,0.3043,0.3209,259.4279
2329,0.3044,0.3212,260.1332
2330,0.3044,0.3212,260.0156
2331,0.3042,0.3213,260.2677
2332,0.3044,0.3213,260.5793
2333,0.3043,0.3211,260.7737
2334,0.3044,0.3214,261.2375
2335,0.3043,0.3211,261.1336
2336,0.3045,0.3211,261.2617
2337,0.3043,0.3212,261.6858
2338,0.3043,0.3211,261.4167
2339,0.3044,0.3212,262.1187
2340,0.3044,0.3212,261.8874
2341,0.3044,0.3209,261.8044
2342,0.3044,0.3214,263.0001
2343,0.3045,0.3211,263.0103
2344,0.3045,0.3211,262.9859
2345,0.3046,0.3212,263.4015
2346,0.3047,0.3213,263.8055
2347,0.3046,0.3213,263.8522
2348,0.3048,0.3213,264.2368
2349,0.3047,0.3211,264.0127
2350,0.3051,0.3213,264.8539
2351,0.3049,0.3212,264.8370
2352,0.3052,0.3211,264.8912
2353,0.3050,0.3212,265.1310
2354,0.3051,0.3213,265.5127
2355,0.3052,0.3216,265.9539
2356,0.3051,0.3214,265.8701
2357,0.3054,0.3214,266.3691
2358,0.3052,0.3214,266.5922
2359,0.3055,0.3213,266.5599
2360,0.3054,0.3211,266.8234
2361,0.3053,0.3213,267.1174
2362,0.3054,0.3211,267.1238
2363,0.3053,0.3214,267.8769
2364,0.3054,0.3213,267.9029
2365,0.3054,0.3211,267.4127
2366,0.3054,0.3213,268.1043
2367,0.3054,0.3214,268.3648
2368,0.3053,0.3210,268.1419
2369,0.3055,0.3214,268.9443
2370,0.3053,0.3211,268.4460
2371,0.3055,0.3214,269.0844
2372,0.3054,0.3212,268.9910
2373,0.3055,0.3212,269.1352
2374,0.3054,0.3212,269.6941
2375,0.3054,0.3212,269.6446
2376,0.3054,0.3210,270.4689
2377,0.3053,0.3212,270.3342
2378,0.3054,0.3210,270.4792
2379,0.3054,0.3211,270.9679
2380,0.3055,0.3210,270.8647
2381,0.3053,0.3207,270.6648
2382,0.3053,0.3210,271.1008
2383,0.3052,0.3206,271.3379
2384,0.3052,0.3206,271.0041
2385,0.3053,0.3207,271.7864
2386,0.3053,0.3208,272.0786
2387,0.3052,0.3208,273.1568
2388,0.3052,0.3208,272.9307
2389,0.3051,0.3205,272.5628
2390,0.3052,0.3207,273.1347
2391,0.3050,0.3205,273.0352
2392,0.3052,0.3205,273.4011
2393,0.3050,0.3206,273.7599
2394,0.3052,0.3205,273.6779
2395,0.3050,0.3207,274.5612
2396,0.3052,0.3207,274.4464
2397,0.3049,0.3204,274.5002
2398,0.3049,0.3207,274.6453
2399,0.3049,0.3205,274.8568
2400,0.3049,0.3205,274.8406
2401,0.3049,0.3206,275.4614
2402,0.3049,0.3206,275.0535
2403,0.3050,0.3209,276.3646
2404,0.3050,0.3208,275.9523
2405,0.3050,0.3209,276.2099
2406,0.3050,0.3211,276.9011
2407,0.3050,0.3210,276.9498
2408,0.3051,0.3209,277.0398
2409,0.3050,0.3212,277.4058
2410,0.3051,0.3211,277.6567
2411,0.3050,0.3215,278.3174
2412,0.3049,0.3213,278.2621
2413,0.3051,0.3212,278.2198
2414,0.3050,0.3215,278.9342
2415,0.3052,0.3215,279.1740
2416,0.3051,0.3213,279.0182
2417,0.3052,0.3216,279.7874
2418,0.3051,0.3214,279.3712
2419,0.3050,0.3216,279.7517
2420,0.3052,0.3214,280.4228
2421,0.3052,0.3214,280.1580
2422,0.3054,0.3215,280.7618
2423,0.3054,0.3215,280.9341
2424,0.3056,0.3212,280.7716
2425,0.3056,0.3214,280.9329
2426,0.3054,0.3213,281.1214
2427,0.3057,0.3216,281.5792
2428,0.3055,0.3214,281.5068
2429,0.3057,0.3213,281.7003
2430,0.3056,0.3216,282.8242
2431,0.3057,0.3214,282.2923
2432,0.3057,0.3213,282.1420
2433,0.3055,0.3215,282.8677
2434,0.3057,0.3216,283.2276
2435,0.3056,0.3217,283.8344
2436,0.3058,0.3216,283.6802
2437,0.3057,0.3214,283.8883
2438,0.3059,0.3217,284.6790
2439,0.3058,0.3215,284.7344
2440,0.3060,0.3215,284.6857
2441,0.3058,0.3215,285.0743
2442,0.3058,0.3214,284.7368
2443,0.3058,0.3215,285.6309
2444,0.3058,0.3215,285.7206
2445,0.3058,0.3212,285.7722
2446,0.3058,0.3215,286.1075
2447,0.3058,0.3211,286.1118
2448,0.3058,0.3212,286.2700
2449,0.3056,0.3212,286.7077
2450,0.3057,0.3211,286.4712
2451,0.3055,0.3210,286.7125
2452,0.3056,0.3210,286.7891
2453,0.3055,0.3207,286.5830
2454,0.3057,0.3211,287.8163
2455,0.3055,0.3208,287.6259
2456,0.3055,0.3208,287.4104
2457,0.3057,0.3211,287.8554
2458,0.3055,0.3209,288.0232
2459,0.3056,0.3212,288.7551
2460,0.3054,0.3209,288.5626
2461,0.3056,0.3208,288.6291
2462,0.3054,0.3209,288.9851
2463,0.3054,0.3208,288.6317
2464,0.3054,0.3206,288.7959
2465,0.3054,0.3209,289.4644
2466,0.3054,0.3206,289.3530
2467,0.3054,0.3209,290.0495
2468,0.3054,0.3207,290.3103
2469,0.3053,0.3207,290.3444
2470,0.3053,0.3208,290.5500
2471,0.3054,0.3208,290.6763
2472,0.3053,0.3205,290.7558
2473,0.3055,0.3209,291.5855
2474,0.3053,0.3207,291.5441
2475,0.3055,0.3209,291.9956
2476,0.3054,0.3208,292.4968
2477,0.3054,0.3208,292.0512
2478,0.3054,0.3209,292.6285
2479,0.3054,0.3209,292.5737
2480,0.3055,0.3209,292.8703
2481,0.3054,0.3211,293.2413
2482,0.3057,0.3211,293.0556
2483,0.3055,0.3212,293.5623
2484,0.3055,0.3212,293.6791
2485,0.3056,0.3209,293.7952
2486,0.3055,0.3214,294.3392
2487,0.3055,0.3212,294.3810
2488,0.3056,0.3213,294.5760
2489,0.3056,0.3215,295.3701
2490,0.3055,0.3215,295.2622
2491,0.3056,0.3219,296.2848
2492,0.3056,0.3219,296.6788
2493,0.3054,0.3217,296.6836
2494,0.3056,0.3220,297.3275
2495,0.3056,0.3219,297.4795
2496,0.3058,0.3219,297.8062
2497,0.3057,0.3220,298.2410
2498,0.3060,0.3220,298.3456
2499,0.3058,0.3221,299.3089
2500,0.3058,0.3221,299.0924
2501,0.3059,0.3218,299.0894
2502,0.3059,0.3222,299.7989
2503,0.3060,0.3220,300.0691
2504,0.3059,0.3221,300.1755
2505,0.3061,0.3221,300.6583
2506,0.3060,0.3220,300.4132
2507,0.3060,0.3221,300.6551
2508,0.3061,0.3220,301.1192
2509,0.3061,0.3219,300.7818
2510,0.3061,0.3218,301.4619
2511,0.3061,0.3219,301.6435
2512,0.3061,0.3216,301.8509
2513,0.3060,0.3219,302.3066
2514,0.3058,0.3216,301.9815
2515,0.3060,0.3219,303.1366
2516,0.3058,0.3216,303.1365
2517,0.3060,0.3216,303.6584
2518,0.3058,0.3217,303.6570
2519,0.3060,0.3216,303.8650
2520,0.3058,0.3213,303.7927
2521,0.3058,0.3216,304.2183
2522,0.3058,0.3212,304.4684
2523,0.3057,0.3215,304.6709
2524,0.3058,0.3215,305.1941
2525,0.3058,0.3214,305.0816
2526,0.3058,0.3214,305.4621
2527,0.3058,0.3214,305.4571
2528,0.3056,0.3211,305.2033
2529,0.3057,0.3213,305.5932
2530,0.3056,0.3211,305.9287
2531,0.3057,0.3213,306.4226
2532,0.3057,0.3213,306.4031
2533,0.3057,0.3211,306.2974
2534,0.3057,0.3214,306.9576
2535,0.3056,0.3212,306.9028
2536,0.3057,0.3212,306.8574
2537,0.3056,0.3213,307.6341
2538,0.3057,0.3213,307.9935
2539,0.3056,0.3213,308.1772
2540,0.3057,0.3213,308.2663
2541,0.3056,0.3211,308.2703
2542,0.3058,0.3214,308.8658
2543,0.3057,0.3211,308.5184
2544,0.3057,0.3211,308.0905
2545,0.3057,0.3213,309.1364
2546,0.3057,0.3213,309.3541
2547,0.3057,0.3213,309.7110
2548,0.3057,0.3213,309.6439
2549,0.3058,0.3213,310.0604
2550,0.3058,0.3215,310.4037
2551,0.3056,0.3212,310.4015
2552,0.3059,0.3212,310.2146
2553,0.3057,0.3213,311.1153
2554,0.3059,0.3212,310.9731
2555,0.3058,0.3213,311.5623
2556,0.3059,0.3213,311.4416
2557,0.3060,0.3213,311.5227
2558,0.3058,0.3216,312.2029
2559,0.3060,0.3215,312.2258
2560,0.3058,0.3214,312.0843
2561,0.3060,0.3215,312.5893
2562,0.3058,0.3214,313.0536
2563,0.3060,0.3216,313.4856
2564,0.3059,0.3214,313.7332
2565,0.3059,0.3214,313.5262
2566,0.3058,0.3216,314.5047
2567,0.3058,0.3216,314.7212
2568,0.3060,0.3214,314.7133
2569,0.3060,0.3217,315.2385
2570,0.3061,0.3215,315.2335
2571,0.3060,0.3219,316.2419
2572,0.3059,0.3216,315.6107
2573,0.3062,0.3217,315.9980
2574,0.3060,0.3218,316.7623
2575,0.3062,0.3217,316.8311
2576,0.3060,0.3214,316.9197
2577,0.3061,0.3218,317.9163
2578,0.3060,0.3216,317.8376
2579,0.3060,0.3218,318.5272
2580,0.3059,0.3216,318.8353
2581,0.3059,0.3216,318.9408
2582,0.3061,0.3221,319.6765
2583,0.3059,0.3218,320.1180
2584,0.3061,0.3217,319.8786
2585,0.3059,0.3218,320.3451
2586,0.3061,0.3219,320.3083
2587,0.3059,0.3219,320.9757
2588,0.3059,0.3220,321.2693
2589,0.3060,0.3218,321.4485
2590,0.3058,0.3218,321.4444
2591,0.3058,0.3217,321.8658
2592,0.3059,0.3217,321.9773
2593,0.3059,0.3217,322.4568
2594,0.3059,0.3218,322.9134
2595,0.3058,0.3219,323.0547
2596,0.3060,0.3219,323.4121
2597,0.3058,0.3217,323.4600
2598,0.3060,0.3219,323.5618
2599,0.3058,0.3216,323.5713
2600,0.3060,0.3217,323.8003
2601,0.3058,0.3216,324.0778
2602,0.3058,0.3217,324.0504
2603,0.3058,0.3218,324.8559
2604,0.3058,0.3218,324.6396
2605,0.3059,0.3216,324.9177
2606,0.3058,0.3219,325.2638
2607,0.3059,0.3219,325.6301
2608,0.3058,0.3216,325.3512
2609,0.3058,0.3218,326.0520
2610,0.3058,0.3217,325.9278
2611,0.3058,0.3218,326.1799
2612,0.3059,0.3218,326.8914
2613,0.3059,0.3217,326.5081
2614,0.3060,0.3220,327.7581
2615,0.3060,0.3219,327.3430
2616,0.3058,0.3217,327.2765
2617,0.3059,0.3220,328.1273
2618,0.3058,0.3218,328.0675
2619,0.3059,0.3219,327.9108
2620,0.3058,0.3217,328.0565
2621,0.3060,0.3218,328.6429
2622,0.3059,0.3220,329.6435
2623,0.3059,0.3218,328.7776
2624,0.3060,0.3217,329.5399
2625,0.3059,0.3219,329.5770
2626,0.3060,0.3219,330.1180
2627,0.3059,0.3220,330.0564
2628,0.3059,0.3219,330.4097
2629,0.3060,0.3219,330.4487
2630,0.3058,0.3220,330.9001
2631,0.3060,0.3220,331.0095
2632,0.3059,0.3218,331.3595
2633,0.3060,0.3218,331.2661
2634,0.3060,0.3219,331.6015
2635,0.3059,0.3218,331.4661
2636,0.3060,0.3219,332.0987
2637,0.3060,0.3217,331.9371
2638,0.3060,0.3220,332.5041
2639,0.3060,0.3219,332.8127
2640,0.3061,0.3219,332.8432
2641,0.3060,0.3217,332.7117
2642,0.3063,0.3217,333.3290
2643,0.3061,0.3217,333.6250
2644,0.3064,0.3217,334.0434
2645,0.3062,0.3214,334.2902
2646,0.3061,0.3217,334.4936
2647,0.3062,0.3213,334.6875
2648,0.3062,0.3214,335.2145
2649,0.3063,0.3215,335.7870
2650,0.3064,0.3216,336.0110
2651,0.3063,0.3215,336.6777
2652,0.3064,0.3216,336.6711
2653,0.3063,0.3213,336.4530
2654,0.3064,0.3216,337.2996
2655,0.3062,0.3213,337.0487
2656,0.3066,0.3213,337.1700
2657,0.3063,0.3215,338.2632
2658,0.3064,0.3214,338.0307
2659,0.3064,0.3220,339.1090
2660,0.3063,0.3218,338.9588
2661,0.3064,0.3216,338.4548
2662,0.3061,0.3219,339.4948
2663,0.3064,0.3219,339.8734
2664,0.3062,0.3217,339.6247
2665,0.3064,0.3222,340.9785
2666,0.3063,0.3219,340.3030
2667,0.3062,0.3223,341.5736
2668,0.3063,0.3222,341.8347
2669,0.3063,0.3221,341.6545
2670,0.3063,0.3223,342.8228
2671,0.3063,0.3223,342.8156
2672,0.3063,0.3224,343.4983
2673,0.3063,0.3225,343.7305
2674,0.3062,0.3223,343.9068
2675,0.3063,0.3225,344.1125
2676,0.3063,0.3225,344.5645
2677,0.3064,0.3224,344.5776
2678,0.3063,0.3223,344.6150
2679,0.3064,0.3223,344.4002
2680,0.3063,0.3222,344.8935
2681,0.3062,0.3224,345.3922
2682,0.3063,0.3222,345.1400
2683,0.3063,0.3223,345.5995
2684,0.3064,0.3223,346.0342
2685,0.3064,0.3223,346.2613
2686,0.3062,0.3225,347.0885
2687,0.3063,0.3225,347.0970
2688,0.3063,0.3225,347.0399
2689,0.3063,0.3225,347.8638
2690,0.3063,0.3226,347.9352
2691,0.3064,0.3223,347.9063
2692,0.3064,0.3226,348.3909
2693,0.3062,0.3223,348.0621
2694,0.3064,0.3224,348.1488
2695,0.3063,0.3226,349.2498
2696,0.3063,0.3225,348.8527
2697,0.3062,0.3223,348.8119
2698,0.3062,0.3225,349.0464
2699,0.3062,0.3224,349.2643
2700,0.3062,0.3225,349.5578
2701,0.3063,0.3224,349.5387
2702,0.3063,0.3223,349.4294
2703,0.3063,0.3224,350.3888
2704,0.3064,0.3223,349.9107
2705,0.3062,0.3221,349.5937
2706,0.3063,0.3223,350.5939
2707,0.3062,0.3222,350.6090
2708,0.3064,0.3223,350.9712
2709,0.3061,0.3222,351.3751
2710,0.3061,0.3222,351.4862
2711,0.3062,0.3220,351.8171
2712,0.3062,0.3221,351.8367
2713,0.3062,0.3217,351.9514
2714,0.3062,0.3221,352.7729
2715,0.3062,0.3217,352.7767
2716,0.3061,0.3217,352.6061
2717,0.3061,0.3221,353.5474
2718,0.3062,0.3218,353.3509
2719,0.3062,0.3217,353.1644
2720,0.3062,0.3218,354.1342
2721,0.3062,0.3218,354.1668
2722,0.3061,0.3215,354.1732
2723,0.3063,0.3217,354.4318
2724,0.3061,0.3215,354.6759
2725,0.3064,0.3215,354.9997
2726,0.3062,0.3214,354.9271
2727,0.3064,0.3214,355.0353
2728,0.3063,0.3215,355.9472
2729,0.3063,0.3216,356.0738
2730,0.3063,0.3214,356.2436
2731,0.3063,0.3218,356.8087
2732,0.3064,0.3215,356.4830
2733,0.3063,0.3214,356.5451
2734,0.3064,0.3216,357.4146
2735,0.3064,0.3215,357.3129
2736,0.3063,0.3213,357.1072
2737,0.3064,0.3216,357.8464
2738,0.3063,0.3215,357.8849
2739,0.3065,0.3214,357.8214
2740,0.3063,0.3215,358.4283
2741,0.3063,0.3216,359.6533
2742,0.3063,0.3217,359.7704
2743,0.3063,0.3216,359.4740
2744,0.3064,0.3214,359.5826
2745,0.3064,0.3218,360.3636
2746,0.3066,0.3218,360.6043
2747,0.3065,0.3217,360.8208
2748,0.3064,0.3221,361.7801
2749,0.3065,0.3219,361.3513
2750,0.3065,0.3219,361.8277
2751,0.3064,0.3221,363.0315
2752,0.3064,0.3221,362.8107
2753,0.3063,0.3220,362.9055
2754,0.3065,0.3222,363.7508
2755,0.3064,0.3221,363.5706
2756,0.3065,0.3225,364.8469
2757,0.3064,0.3223,364.5767
2758,0.3064,0.3222,364.4211
2759,0.3062,0.3225,365.3889
2760,0.3062,0.3225,365.9162
2761,0.3062,0.3222,365.1072
2762,0.3062,0.3225,365.7562
2763,0.3063,0.3224,366.0746
2764,0.3062,0.3223,365.5798
2765,0.3061,0.3223,366.1143
2766,0.3063,0.3223,366.1528
2767,0.3061,0.3220,365.8387
2768,0.3062,0.3222,366.1335
2769,0.3062,0.3222,366.8277
2770,0.3062,0.3224,367.3360
2771,0.3061,0.3222,367.3164
2772,0.3061,0.3223,367.6400
2773,0.3061,0.3222,368.0977
2774,0.3061,0.3222,367.9231
2775,0.3063,0.3222,368.0224
2776,0.3062,0.3222,368.6563
2777,0.3062,0.3222,368.7323
2778,0.3061,0.3219,368.8075
2779,0.3061,0.3221,368.9990
2780,0.3061,0.3220,369.6943
2781,0.3060,0.3219,369.7595
2782,0.3060,0.3219,370.5414
2783,0.3060,0.3219,370.5169
2784,0.3058,0.3218,370.4562
2785,0.3060,0.3218,371.0140
2786,0.3059,0.3217,371.4352
2787,0.3060,0.3217,371.1562
2788,0.3058,0.3215,371.0417
2789,0.3059,0.3215,371.3554
2790,0.3059,0.3216,371.8809
2791,0.3059,0.3217,372.9468
2792,0.3059,0.3214,371.9529
2793,0.3059,0.3217,372.9686
2794,0.3060,0.3215,373.5294
2795,0.3060,0.3215,373.5370
2796,0.3058,0.3215,373.9233
2797,0.3061,0.3215,373.9979
2798,0.3059,0.3215,374.3020
2799,0.3062,0.3214,374.1499
2800,0.3061,0.3213,374.5855
2801,0.3061,0.3216,375.3462
2802,0.3062,0.3213,374.9506
2803,0.3062,0.3213,374.7553
2804,0.3063,0.3216,375.5612
2805,0.3062,0.3215,376.3538
2806,0.3064,0.3215,376.4021
2807,0.3063,0.3214,376.4045
2808,0.3063,0.3214,376.5803
2809,0.3064,0.3214,376.9271
2810,0.3064,0.3214,376.5478
2811,0.3065,0.3213,377.3613
2812,0.3064,0.3214,377.2800
2813,0.3065,0.3213,377.6829
2814,0.3065,0.3214,378.1588
2815,0.3064,0.3213,377.9893
2816,0.3066,0.3215,378.8466
2817,0.3065,0.3212,378.1009
2818,0.3067,0.3215,378.8177
2819,0.3066,0.3213,379.0927
2820,0.3065,0.3213,379.1785
2821,0.3066,0.3214,379.8337
2822,0.3066,0.3214,380.1659
2823,0.3066,0.3212,379.5201
2824,0.3066,0.3216,380.5759
2825,0.3066,0.3214,380.7088
2826,0.3066,0.3218,382.0246
2827,0.3065,0.3215,381.3558
2828,0.3067,0.3215,381.9550
2829,0.3065,0.3215,382.1354
2830,0.3066,0.3216,382.2874
2831,0.3065,0.3213,381.8488
2832,0.3064,0.3217,382.8636
2833,0.3065,0.3217,383.2277
2834,0.3064,0.3216,383.4056
2835,0.3065,0.3219,384.0249
2836,0.3064,0.3218,384.2172
2837,0.3065,0.3223,385.4974
2838,0.3064,0.3220,385.4479
2839,0.3064,0.3220,385.3120
2840,0.3063,0.3224,386.7277
2841,0.3063,0.3223,386.4048
2842,0.3062,0.3220,386.2024
2843,0.3062,0.3224,387.4590
2844,0.3060,0.3222,387.5941
2845,0.3062,0.3221,387.8882
2846,0.3060,0.3222,388.3211
2847,0.3061,0.3221,388.7000
2848,0.3059,0.3218,388.7650
2849,0.3059,0.3221,389.7392
2850,0.3058,0.3218,389.6718
2851,0.3058,0.3222,390.4105
2852,0.3058,0.3222,391.0217
2853,0.3058,0.3222,391.3617
2854,0.3059,0.3222,391.6524
2855,0.3058,0.3221,391.2691
2856,0.3057,0.3218,391.2966
2857,0.3058,0.3220,392.1028
2858,0.3056,0.3217,391.4187
2859,0.3058,0.3219,392.3266
2860,0.3057,0.3218,392.3674
2861,0.3059,0.3219,392.7878
2862,0.3058,0.3219,392.6961
2863,0.3057,0.3220,393.2326
2864,0.3059,0.3219,393.0492
2865,0.3057,0.3220,393.8529
2866,0.3058,0.3221,394.0953
2867,0.3057,0.3219,394.1535
2868,0.3057,0.3220,394.3577
2869,0.3057,0.3218,394.4497
2870,0.3057,0.3219,394.3326
2871,0.3059,0.3219,395.4558
2872,0.3059,0.3219,395.5081
2873,0.3060,0.3217,395.6647
2874,0.3060,0.3221,396.1365
2875,0.3058,0.3218,395.6616
2876,0.3061,0.3219,396.3534
2877,0.3060,0.3220,396.8667
2878,0.3062,0.3220,397.1879
2879,0.3061,0.3220,397.7250
2880,0.3061,0.3219,397.2249
2881,0.3062,0.3217,397.1431
2882,0.3062,0.3221,398.5487
2883,0.3062,0.3218,398.5536
2884,0.3062,0.3217,397.9749
2885,0.3063,0.3218,398.4163
2886,0.3063,0.3219,398.6966
2887,0.3062,0.3217,398.3960
2888,0.3064,0.3220,399.5127
2889,0.3063,0.3218,399.5110
2890,0.3064,0.3218,399.5040
2891,0.3064,0.3220,399.9493
2892,0.3064,0.3218,400.2593
2893,0.3064,0.3221,401.1429
2894,0.3063,0.3219,400.7693
2895,0.3065,0.3219,401.2220
2896,0.3063,0.3220,401.4582
2897,0.3065,0.3220,401.4982
2898,0.3064,0.3219,401.7060
2899,0.3063,0.3221,402.4408
2900,0.3064,0.3220,402.6863
2901,0.3064,0.3219,402.7306
2902,0.3063,0.3218,402.7022
2903,0.3063,0.3217,402.3952
2904,0.3064,0.3216,402.9073
2905,0.3064,0.3218,403.5041
2906,0.3063,0.3216,403.6172
2907,0.3064,0.3219,404.3594
2908,0.3062,0.3216,404.3504
2909,0.3064,0.3215,404.6127
2910,0.3062,0.3217,405.4547
2911,0.3061,0.3216,405.0707
2912,0.3061,0.3213,405.4424
2913,0.3061,0.3216,405.9216
2914,0.3060,0.3213,406.1212
2915,0.3060,0.3212,406.1772
2916,0.3061,0.3213,407.0051
2917,0.3061,0.3214,407.0609
2918,0.3059,0.3210,407.2164
2919,0.3060,0.3214,408.4410
2920,0.3060,0.3214,408.3032
2921,0.3059,0.3214,408.5023
2922,0.3059,0.3214,408.4584
2923,0.3058,0.3212,408.4640
2924,0.3059,0.3215,409.3280
2925,0.3058,0.3214,409.5973
2926,0.3060,0.3214,410.2668
2927,0.3057,0.3215,410.3219
2928,0.3059,0.3216,410.9976
2929,0.3058,0.3214,410.8595
2930,0.3057,0.3217,411.2344
2931,0.3057,0.3216,411.5315
2932,0.3057,0.3216,411.7162
2933,0.3058,0.3217,412.6487
2934,0.3058,0.3216,411.9085
2935,0.3056,0.3217,412.2963
2936,0.3057,0.3218,413.1200
2937,0.3056,0.3217,413.1320
2938,0.3058,0.3220,414.1293
2939,0.3057,0.3218,414.1142
2940,0.3058,0.3218,414.4603
2941,0.3057,0.3219,414.9389
2942,0.3057,0.3220,415.0056
2943,0.3057,0.3218,415.4601
2944,0.3057,0.3219,415.3387
2945,0.3058,0.3218,415.8058
2946,0.3058,0.3218,415.6763
2947,0.3056,0.3218,416.0549
2948,0.3060,0.3219,416.5481
2949,0.3059,0.3221,416.9991
2950,0.3061,0.3220,417.3674
2951,0.3061,0.3221,417.5032
2952,0.3062,0.3220,418.0145
2953,0.3062,0.3220,417.5004
2954,0.3062,0.3219,418.1275
2955,0.3064,0.3221,419.1238
2956,0.3063,0.3220,418.9692
2957,0.3065,0.3220,419.0971
2958,0.3063,0.3220,419.6078
2959,0.3063,0.3220,419.4873
2960,0.3064,0.3219,419.8541
2961,0.3063,0.3222,420.9126
2962,0.3064,0.3220,420.9096
2963,0.3063,0.3222,421.3269
2964,0.3064,0.3221,421.3757
2965,0.3064,0.3221,421.2564
2966,0.3063,0.3221,421.7553
2967,0.3064,0.3221,422.0202
2968,0.3063,0.3218,421.5297
2969,0.3065,0.3221,422.4912
2970,0.3063,0.3218,422.5504
2971,0.3065,0.3218,422.5734
2972,0.3065,0.3220,423.4767
2973,0.3064,0.3220,423.5593
2974,0.3064,0.3217,423.8851
2975,0.3064,0.3219,424.1857
2976,0.3064,0.3217,424.5437
2977,0.3063,0.3218,424.7823
2978,0.3063,0.3219,425.1581
2979,0.3064,0.3215,424.6080
2980,0.3064,0.3219,425.9116
2981,0.3064,0.3217,426.3936
2982,0.3064,0.3216,426.3153
2983,0.3062,0.3215,426.7003
2984,0.3063,0.3216,426.9143
2985,0.3062,0.3215,426.7963
2986,0.3062,0.3216,427.1727
2987,0.3061,0.3215,427.3506
2988,0.3063,0.3215,427.5497
2989,0.3061,0.3213,427.7617
2990,0.3061,0.3212,427.6765
2991,0.3061,0.3213,428.1628
2992,0.3061,0.3214,428.5733
2993,0.3061,0.3212,428.6621
2994,0.3060,0.3214,429.5407
2995,0.3060,0.3213,429.4166
2996,0.3060,0.3213,429.4958
2997,0.3058,0.3212,429.2646
2998,0.3060,0.3213,430.1089
2999,0.3059,0.3210,430.0304
3000,0.3060,0.3212,430.3223
3001,0.3059,0.3211,430.3983
3002,0.3059,0.3211,430.5173
3003,0.3059,0.3212,431.2722
3004,0.3059,0.3212,431.3813
3005,0.3059,0.3214,432.4002
3006,0.3059,0.3214,432.7439
3007,0.3061,0.3213,432.4490
3008,0.3060,0.3215,433.5614
3009,0.3060,0.3215,433.3416
3010,0.3061,0.3214,433.5210
3011,0.3060,0.3217,434.1826
3012,0.3061,0.3216,434.2876
3013,0.3061,0.3216,434.3851
3014,0.3059,0.3218,435.1682
3015,0.3060,0.3218,435.0782
3016,0.3059,0.3216,435.1278
3017,0.3060,0.3220,436.0888
3018,0.3060,0.3219,436.4273
3019,0.3061,0.3222,437.1324
3020,0.3060,0.3221,437.7575
3021,0.3060,0.3221,437.3289
3022,0.3060,0.3223,439.0308
3023,0.3060,0.3224,439.3806
3024,0.3061,0.3221,439.4969
3025,0.3060,0.3223,440.2634
3026,0.3058,0.3221,439.6377
3027,0.3061,0.3222,440.1815
3028,0.3060,0.3222,440.4904
3029,0.3062,0.3223,440.5593
3030,0.3061,0.3222,440.8304
3031,0.3063,0.3225,442.2075
3032,0.3062,0.3223,441.7146
3033,0.3061,0.3226,443.1739
3034,0.3063,0.3224,442.6775
3035,0.3062,0.3223,442.2485
3036,0.3064,0.3226,443.4212
3037,0.3063,0.3224,443.4157
3038,0.3063,0.3224,443.4452
3039,0.3063,0.3224,444.2302
3040,0.3063,0.3224,444.2693
3041,0.3064,0.3221,444.3639
3042,0.3063,0.3223,444.5738
3043,0.3063,0.3221,445.4907
3044,0.3063,0.3220,445.2908
3045,0.3060,0.3220,446.1903
3046,0.3062,0.3220,446.9128
3047,0.3060,0.3220,447.0437
3048,0.3061,0.3220,446.9997
3049,0.3060,0.3218,447.1708
3050,0.3062,0.3220,447.4454
3051,0.3061,0.3218,447.9920
3052,0.3060,0.3218,447.7364
3053,0.3061,0.3219,448.5615
3054,0.3061,0.3219,448.7381
3055,0.3061,0.3217,449.1290
3056,0.3060,0.3218,449.0894
3057,0.3059,0.3216,448.7606
3058,0.3060,0.3216,449.1374
3059,0.3058,0.3216,449.5258
3060,0.3060,0.3216,449.6336
3061,0.3058,0.3216,450.2715
3062,0.3060,0.3216,450.6624
3063,0.3059,0.3214,450.7737
3064,0.3058,0.3217,451.0434
3065,0.3059,0.3217,451.3817
3066,0.3058,0.3214,450.8719
3067,0.3059,0.3217,451.5146
3068,0.3058,0.3216,452.4051
3069,0.3058,0.3216,451.8568
3070,0.3058,0.3216,452.7046
3071,0.3058,0.3216,452.7448
3072,0.3059,0.3215,453.2587
3073,0.3058,0.3216,453.5702
3074,0.3058,0.3215,453.5527
3075,0.3058,0.3218,453.9119
3076,0.3057,0.3216,454.1259
3077,0.3058,0.3215,454.0730
3078,0.3057,0.3216,454.3239
3079,0.3059,0.3216,455.1306
3080,0.3058,0.3215,455.0643
3081,0.3058,0.3216,455.0091
3082,0.3059,0.3215,455.2301
3083,0.3058,0.3214,455.1171
3084,0.3058,0.3214,455.7017
3085,0.3059,0.3215,456.0618
3086,0.3059,0.3213,456.0794
3087,0.3059,0.3215,456.3376
3088,0.3058,0.3214,456.9723
3089,0.3059,0.3217,457.4140
3090,0.3058,0.3216,457.3803
3091,0.3060,0.3215,457.5964
3092,0.3058,0.3215,458.0600
3093,0.3058,0.3216,459.0165
3094,0.3059,0.3216,459.0892
3095,0.3058,0.3217,459.6616
3096,0.3059,0.3217,459.8159
3097,0.3058,0.3215,459.6731
3098,0.3059,0.3218,460.0420
3099,0.3058,0.3216,460.1657
3100,0.3058,0.3216,460.5826
3101,0.3059,0.3216,461.4645
3102,0.3058,0.3216,460.9866
3103,0.3059,0.3217,462.7188
3104,0.3059,0.3217,462.5020
3105,0.3058,0.3215,462.1353
3106,0.3060,0.3218,462.6393
3107,0.3057,0.3215,462.4145
3108,0.3060,0.3216,463.4253
3109,0.3058,0.3218,465.0328
3110,0.3059,0.3217,465.2827
3111,0.3058,0.3215,465.1325
3112,0.3058,0.3217,465.7394
3113,0.3058,0.3214,466.2452
3114,0.3058,0.3214,465.8505
3115,0.3059,0.3216,467.2546
3116,0.3058,0.3214,466.4128
3117,0.3056,0.3217,467.7915
3118,0.3058,0.3217,468.0336
3119,0.3057,0.3215,468.0342
3120,0.3057,0.3217,468.7975
3121,0.3056,0.3215,468.5740
3122,0.3059,0.3216,469.5290
3123,0.3058,0.3216,469.1230
3124,0.3056,0.3213,468.8932
3125,0.3059,0.3215,469.6295
3126,0.3057,0.3215,470.1461
3127,0.3058,0.3216,470.3528
3128,0.3057,0.3214,470.2702
3129,0.3058,0.3217,471.2009
3130,0.3057,0.3215,471.7227
3131,0.3056,0.3217,471.7068
3132,0.3057,0.3215,472.1109
3133,0.3057,0.3215,472.2014
3134,0.3058,0.3216,472.7613
3135,0.3057,0.3216,472.5760
3136,0.3057,0.3214,472.7572
3137,0.3057,0.3216,473.8519
3138,0.3056,0.3215,473.6903
3139,0.3057,0.3214,473.3866
3140,0.3056,0.3215,474.6696
3141,0.3057,0.3215,474.5167
3142,0.3056,0.3214,474.2903
3143,0.3056,0.3217,475.5316
3144,0.3057,0.3215,475.5479
3145,0.3056,0.3217,475.9720
3146,0.3057,0.3215,476.3730
3147,0.3057,0.3215,476.1669
3148,0.3055,0.3214,476.3477
3149,0.3056,0.3215,476.3738
3150,0.3055,0.3213,476.1169
3151,0.3057,0.3216,477.3714
3152,0.3057,0.3216,477.2616
3153,0.3057,0.3214,477.4462
3154,0.3057,0.3216,477.7845
3155,0.3056,0.3214,477.4349
3156,0.3057,0.3214,478.0401
3157,0.3056,0.3214,478.8138
3158,0.3057,0.3215,479.0664
3159,0.3056,0.3216,479.7762
3160,0.3055,0.3216,479.5480
3161,0.3056,0.3214,479.5046
3162,0.3056,0.3217,480.5342
3163,0.3056,0.3216,480.6416
3164,0.3056,0.3216,480.9257
3165,0.3056,0.3217,481.5809
3166,0.3056,0.3216,481.8723
3167,0.3055,0.3215,481.7690
3168,0.3057,0.3216,482.1653
3169,0.3056,0.3215,483.1045
3170,0.3057,0.3214,482.2297
3171,0.3056,0.3214,482.9202
3172,0.3056,0.3215,482.6688
3173,0.3055,0.3214,483.5969
3174,0.3055,0.3214,483.5290
3175,0.3055,0.3212,483.6761
3176,0.3055,0.3213,484.4741
3177,0.3055,0.3211,485.1376
3178,0.3056,0.3211,485.0830
3179,0.3054,0.3210,485.3022
3180,0.3056,0.3209,485.3954
3181,0.3056,0.3210,485.4940
3182,0.3056,0.3210,486.8050
3183,0.3056,0.3210,486.3043
3184,0.3055,0.3208,485.9844
3185,0.3057,0.3212,488.1353
3186,0.3055,0.3208,487.9920
3187,0.3057,0.3211,488.3431
3188,0.3056,0.3209,488.5437
3189,0.3058,0.3209,488.1285
3190,0.3056,0.3210,488.5370
3191,0.3056,0.3209,488.2056
3192,0.3056,0.3209,489.5551
3193,0.3055,0.3211,489.6304
3194,0.3056,0.3209,490.2439
3195,0.3056,0.3209,490.0532
3196,0.3054,0.3212,491.0899
3197,0.3056,0.3212,491.4097
3198,0.3055,0.3212,491.8605
3199,0.3056,0.3216,492.8385
3200,0.3055,0.3215,494.4989
3201,0.3056,0.3218,494.5779
3202,0.3055,0.3216,494.4124
3203,0.3055,0.3217,495.0110
3204,0.3055,0.3218,496.1314
3205,0.3055,0.3217,495.4073
3206,0.3056,0.3216,495.5121
3207,0.3056,0.3219,496.5786
3208,0.3056,0.3217,496.8189
3209,0.3056,0.3217,496.6671
3210,0.3055,0.3221,497.9526
3211,0.3055,0.3219,497.8185
3212,0.3055,0.3218,497.3136
3213,0.3056,0.3220,498.9538
3214,0.3056,0.3220,498.0532
3215,0.3055,0.3219,498.7015
3216,0.3056,0.3220,499.0763
3217,0.3055,0.3218,499.1055
3218,0.3056,0.3220,499.5773
3219,0.3055,0.3218,499.8224
3220,0.3056,0.3219,499.9790
3221,0.3055,0.3219,500.5528
3222,0.3055,0.3219,500.4640
3223,0.3055,0.3218,500.8061
3224,0.3055,0.3220,501.2122
3225,0.3055,0.3218,501.3011
3226,0.3055,0.3219,501.4786
3227,0.3053,0.3219,502.1879
3228,0.3054,0.3218,501.6738
3229,0.3053,0.3219,502.3595
3230,0.3054,0.3220,502.7304
3231,0.3053,0.3217,502.4081
3232,0.3054,0.3221,503.7654
3233,0.3053,0.3219,504.1668
3234,0.3053,0.3219,503.5960
3235,0.3053,0.3218,504.3741
3236,0.3054,0.3219,504.7733
3237,0.3054,0.3218,504.9959
3238,0.3054,0.3219,505.6288
3239,0.3052,0.3217,505.5425
3240,0.3053,0.3216,505.3765
3241,0.3053,0.3218,505.9822
3242,0.3053,0.3214,505.6927
3243,0.3053,0.3218,506.9425
3244,0.3053,0.3214,506.9208
3245,0.3053,0.3214,506.5319
3246,0.3051,0.3214,507.4970
3247,0.3053,0.3215,507.8980
3248,0.3051,0.3212,507.8515
3249,0.3052,0.3214,508.1615
3250,0.3051,0.3212,508.6062
3251,0.3051,0.3212,508.6504
3252,0.3052,0.3213,509.3735
3253,0.3051,0.3212,509.0086
3254,0.3052,0.3210,509.1082
3255,0.3052,0.3212,510.0609
3256,0.3053,0.3211,510.4332
3257,0.3053,0.3214,511.7274
3258,0.3052,0.3212,510.8984
3259,0.3053,0.3211,511.0110
3260,0.3053,0.3212,511.9063
3261,0.3055,0.3211,511.7377
3262,0.3054,0.3210,511.9094
3263,0.3054,0.3211,512.0743
3264,0.3054,0.3209,512.4075
3265,0.3055,0.3210,512.5435
3266,0.3055,0.3210,513.7758
3267,0.3055,0.3210,513.0736
3268,0.3056,0.3208,513.3873
3269,0.3056,0.3212,514.6393
3270,0.3055,0.3212,514.9532
3271,0.3055,0.3211,515.0752
3272,0.3056,0.3211,515.3455
3273,0.3056,0.3210,515.3649
3274,0.3056,0.3213,516.2974
3275,0.3055,0.3212,516.8259
3276,0.3057,0.3212,516.3354
3277,0.3056,0.3214,517.7483
3278,0.3058,0.3213,517.2712
3279,0.3057,0.3212,517.4454
3280,0.3058,0.3215,517.9382
3281,0.3056,0.3214,518.4456
3282,0.3056,0.3213,518.4551
3283,0.3056,0.3215,519.6685
3284,0.3057,0.3216,519.6342
3285,0.3057,0.3218,521.3285
3286,0.3057,0.3217,520.6237
3287,0.3057,0.3215,520.9830
3288,0.3057,0.3219,521.9244
3289,0.3055,0.3216,521.4252
3290,0.3057,0.3217,522.0623
3291,0.3055,0.3218,522.5425
3292,0.3056,0.3218,522.5988
3293,0.3055,0.3216,522.7897
3294,0.3055,0.3220,523.9281
3295,0.3055,0.3218,523.5974
3296,0.3054,0.3221,524.4713
3297,0.3054,0.3219,525.1043
3298,0.3054,0.3219,525.2403
3299,0.3055,0.3222,525.7314
3300,0.3054,0.3220,525.6751
3301,0.3054,0.3220,525.9517
3302,0.3054,0.3221,526.6988
3303,0.3054,0.3221,526.6213
3304,0.3054,0.3218,527.0007
3305,0.3054,0.3221,527.4670
3306,0.3052,0.3218,528.2156
3307,0.3053,0.3217,528.5151
3308,0.3051,0.3217,528.7764
3309,0.3052,0.3217,529.2037
3310,0.3049,0.3215,529.9611
3311,0.3051,0.3216,529.8600
3312,0.3050,0.3214,530.1082
3313,0.3049,0.3216,530.6473
3314,0.3050,0.3214,530.4988
3315,0.3050,0.3214,530.5273
3316,0.3049,0.3215,531.5084
3317,0.3049,0.3215,532.0152
3318,0.3048,0.3212,531.3944
3319,0.3048,0.3215,532.4922
3320,0.3048,0.3213,532.0884
3321,0.3049,0.3212,532.2003
3322,0.3048,0.3212,532.4554
3323,0.3049,0.3213,533.4212
3324,0.3048,0.3213,533.8062
3325,0.3048,0.3213,533.6680
3326,0.3048,0.3211,533.7619
3327,0.3048,0.3213,534.3605
3328,0.3049,0.3213,534.8464
3329,0.3048,0.3211,534.4699
3330,0.3048,0.3214,535.3562
3331,0.3050,0.3212,536.1946
3332,0.3049,0.3212,535.7900
3333,0.3050,0.3212,536.1816
3334,0.3050,0.3212,536.9507
3335,0.3051,0.3210,536.5980
3336,0.3051,0.3212,537.4334
3337,0.3050,0.3210,537.0320
3338,0.3052,0.3214,538.4305
3339,0.3051,0.3211,538.3424
3340,0.3054,0.3211,538.6797
3341,0.3052,0.3213,539.5568
3342,0.3052,0.3212,539.5223
3343,0.3052,0.3211,539.7664
3344,0.3052,0.3213,540.2729
3345,0.3053,0.3211,540.0994
3346,0.3053,0.3211,539.9381
3347,0.3054,0.3211,540.8931
3348,0.3054,0.3211,540.8951
3349,0.3053,0.3209,540.6547
3350,0.3055,0.3212,541.7882
3351,0.3053,0.3210,541.4531
3352,0.3054,0.3213,542.6240
3353,0.3053,0.3211,542.6117
3354,0.3053,0.3211,542.3344
3355,0.3054,0.3212,543.1711
3356,0.3054,0.3212,543.5411
3357,0.3055,0.3212,543.7047
3358,0.3054,0.3212,544.4430
3359,0.3055,0.3212,544.0112
3360,0.3054,0.3211,544.5914
3361,0.3054,0.3214,545.3859
3362,0.3054,0.3211,545.3232
3363,0.3054,0.3212,545.2045
3364,0.3054,0.3213,546.4499
3365,0.3054,0.3213,546.2698
3366,0.3054,0.3213,547.0267
3367,0.3054,0.3213,547.2205
3368,0.3052,0.3211,547.4058
3369,0.3053,0.3214,548.2896
3370,0.3052,0.3213,548.2055
3371,0.3053,0.3213,548.1776
3372,0.3051,0.3214,549.5808
3373,0.3051,0.3214,549.8931
3374,0.3050,0.3211,549.7416
3375,0.3050,0.3215,551.2608
3376,0.3050,0.3212,550.7997
3377,0.3049,0.3212,551.0773
3378,0.3049,0.3214,552.8236
3379,0.3049,0.3213,552.6110
3380,0.3047,0.3214,553.4249
3381,0.3048,0.3215,553.9345
3382,0.3047,0.3213,553.6168
3383,0.3048,0.3216,554.9600
3384,0.3047,0.3213,554.4113
3385,0.3047,0.3213,554.3315
3386,0.3047,0.3214,554.8626
3387,0.3046,0.3213,555.8173
3388,0.3048,0.3212,555.1716
3389,0.3046,0.3214,556.4517
3390,0.3047,0.3215,556.4237
3391,0.3046,0.3213,556.2444
3392,0.3046,0.3216,557.1576
3393,0.3046,0.3214,557.3391
3394,0.3046,0.3216,557.7817
3395,0.3046,0.3214,558.1501
3396,0.3046,0.3214,557.9315
3397,0.3045,0.3214,558.5129
3398,0.3046,0.3213,558.4639
3399,0.3045,0.3212,558.8331
3400,0.3046,0.3214,559.1953
3401,0.3046,0.3213,559.5889
3402,0.3047,0.3214,560.5911
3403,0.3046,0.3215,561.0496
3404,0.3046,0.3214,560.9650
3405,0.3046,0.3213,561.6274
3406,0.3046,0.3214,561.3178
3407,0.3048,0.3214,561.8845
3408,0.3047,0.3216,562.2357
3409,0.3046,0.3213,562.2764
3410,0.3048,0.3214,562.9942
3411,0.3047,0.3215,563.2813
3412,0.3049,0.3215,563.6684
3413,0.3048,0.3213,563.4239
3414,0.3050,0.3215,564.6083
3415,0.3050,0.3215,564.3928
3416,0.3049,0.3214,565.3850
3417,0.3051,0.3216,565.4418
3418,0.3049,0.3214,565.6197
3419,0.3051,0.3214,565.6650
3420,0.3050,0.3212,565.8929
3421,0.3050,0.3214,566.1708
3422,0.3051,0.3214,567.5292
3423,0.3051,0.3214,567.1003
3424,0.3051,0.3213,566.9644
3425,0.3051,0.3216,568.2499
3426,0.3051,0.3214,568.2894
3427,0.3051,0.3214,568.1600
3428,0.3049,0.3214,568.3266
3429,0.3051,0.3214,568.7674
3430,0.3050,0.3212,569.1021
3431,0.3051,0.3214,569.8040
3432,0.3051,0.3213,570.5199
3433,0.3051,0.3214,570.5176
3434,0.3051,0.3215,571.2118
3435,0.3051,0.3214,571.1763
3436,0.3050,0.3214,571.7073
3437,0.3050,0.3215,572.5690
3438,0.3051,0.3212,572.5767
3439,0.3050,0.3213,573.1971
3440,0.3049,0.3210,572.7733
3441,0.3050,0.3210,572.5653
3442,0.3049,0.3209,572.8343
3443,0.3050,0.3209,573.0172
3444,0.3050,0.3209,573.9745
3445,0.3049,0.3209,574.1765
3446,0.3049,0.3210,574.5190
3447,0.3048,0.3207,573.9581
3448,0.3049,0.3211,575.6091
3449,0.3048,0.3208,576.3532
3450,0.3048,0.3210,576.2799
3451,0.3048,0.3209,576.4005
3452,0.3047,0.3207,575.6658
3453,0.3047,0.3208,576.5421
3454,0.3047,0.3207,576.4610
3455,0.3047,0.3206,576.5273
3456,0.3046,0.3209,577.3572
3457,0.3047,0.3207,578.0215
3458,0.3046,0.3207,578.2557
3459,0.3044,0.3207,578.3751
3460,0.3046,0.3208,578.8479
3461,0.3045,0.3206,578.6580
3462,0.3046,0.3209,579.5698
3463,0.3045,0.3207,579.2231
3464,0.3044,0.3210,579.9818
3465,0.3044,0.3208,580.4947
3466,0.3045,0.3209,580.5064
3467,0.3045,0.3210,581.3983
3468,0.3045,0.3210,581.7829
3469,0.3045,0.3209,582.0281
3470,0.3045,0.3212,583.1309
3471,0.3044,0.3210,582.5877
3472,0.3046,0.3211,583.4424
3473,0.3045,0.3214,584.3177
3474,0.3045,0.3212,584.0355
3475,0.3045,0.3212,584.0370
3476,0.3044,0.3213,584.6473
3477,0.3046,0.3214,585.5902
3478,0.3044,0.3215,585.6862
3479,0.3046,0.3215,585.9743
3480,0.3045,0.3214,586.5707
3481,0.3046,0.3215,587.0649
3482,0.3045,0.3213,586.6533
3483,0.3045,0.3213,586.8214
3484,0.3046,0.3213,587.9886
3485,0.3046,0.3212,587.0836
3486,0.3047,0.3211,588.1348
3487,0.3047,0.3214,588.8335
3488,0.3046,0.3212,588.4594
3489,0.3048,0.3213,589.2910
3490,0.3046,0.3213,590.1055
3491,0.3049,0.3213,590.4462
3492,0.3047,0.3214,590.7880
3493,0.3049,0.3213,591.0989
3494,0.3048,0.3212,591.0325
3495,0.3048,0.3215,592.0762
3496,0.3048,0.3213,592.0533
3497,0.3048,0.3213,592.2332
3498,0.3048,0.3214,593.1444
3499,0.3047,0.3214,593.2598
3500,0.3047,0.3212,592.7532
3501,0.3049,0.3214,593.7887
3502,0.3049,0.3214,593.7196
3503,0.3049,0.3211,593.5349
3504,0.3049,0.3214,595.0963
3505,0.3049,0.3212,595.0575
3506,0.3048,0.3214,595.6279
3507,0.3047,0.3211,595.7947
3508,0.3048,0.3211,595.8003
3509,0.3046,0.3211,596.5215
3510,0.3048,0.3212,596.8535
3511,0.3047,0.3208,596.8566
3512,0.3047,0.3211,597.6908
3513,0.3047,0.3208,597.6259
3514,0.3048,0.3210,598.6692
3515,0.3047,0.3209,599.0212
